"date","Open","High","Low","Close","Volume","Adjusted"
2017-11-01,34.0248559291068,34.1844190520468,33.7338834583743,33.8652928061668,18199800,30.03733253479
2017-11-02,33.8746773978826,33.8746773978826,32.7764939791183,32.992378974508,40319000,29.2630958557129
2017-11-03,32.9266760908811,33.4992292795529,32.6450882118645,33.489844687837,30164300,29.7043266296387
2017-11-06,33.3959844485239,33.8465200421964,33.1143965695073,33.3584389205832,23362200,29.5877780914307
2017-11-07,33.3865962762694,34.6443428179738,33.3865962762694,34.1562616963606,38113900,30.29541015625
2017-11-08,34.2688946996441,34.3815312834662,33.8559046339123,33.9873104011661,23914900,30.1455593109131
2017-11-09,33.771428986315,34.6537274096897,33.6306386273453,34.3158283998393,16159800,30.4369411468506
2017-11-10,34.2595101079282,35.0197909363036,34.2595101079282,34.5880245260628,18010100,30.6783752441406
2017-11-13,34.4378459948386,34.9916300000787,34.3439857555255,34.9634726443925,16256600,31.0113697052002
2017-11-14,34.7382030572869,34.7851367574821,34.3627585194958,34.5974126983173,20192100,30.6866893768311
2017-11-15,34.634958226258,34.9916300000787,34.4190732308683,34.8977697607656,20447100,30.9531078338623
2017-11-16,34.634958226258,35.2638297068408,34.634958226258,34.794521349198,21597800,30.8615226745605
2017-11-17,34.7288184655711,34.7288184655711,33.9028347535688,33.9403802815095,38138600,30.1039333343506
2017-11-20,33.8840619895985,34.1187161684199,33.5555475714639,33.6306386273453,19409500,29.8292045593262
2017-11-21,33.9216075175392,34.2688946996441,33.7902017502854,34.1844190520468,22750400,30.3203945159912
2017-11-22,34.1562616963606,34.2501255162124,33.9122229258233,34.175034460331,16402300,30.312068939209
2017-11-24,34.0624014570475,34.1187161684199,33.5837049271502,33.6681805747474,12296300,29.8625030517578
2017-11-27,33.5837049271502,33.6681805747474,33.1425575057321,33.3678235122991,24580500,29.5960884094238
2017-11-28,33.3772116845536,34.0248559291068,33.095623805537,34.0248559291068,34506700,30.1788654327393
2017-11-29,34.8039095214525,35.414008238065,33.7995863420012,34.9071543524815,33941000,30.96142578125
2017-11-30,34.7006611098849,35.3295325904677,34.2407373439579,35.2356723511546,42859900,31.2528190612793
2017-12-01,34.8696124050794,36.3244675976645,34.8320668771387,36.0710406548727,32532600,31.9937553405762
2017-12-04,37.0002691979039,38.2298583839221,37.0002691979039,37.8450256738765,55137400,33.5672149658203
2017-12-05,37.4226474358902,37.9107285575034,37.0472028980991,37.0941330177557,28738200,32.9012031555176
2017-12-06,37.3851054884882,37.394490080204,36.1836736581562,36.2587647140376,25463700,32.1602592468262
2017-12-07,36.1367435384996,36.2024464221265,35.4327810020354,35.5641867692892,29281700,31.544189453125
2017-12-08,36.1367435384996,36.1367435384996,35.5454140053188,35.6205050612002,22224000,31.594144821167
2017-12-11,35.9302467153644,36.0991980105589,35.6298896529161,36.0804252465886,23772100,32.002082824707
2017-12-12,36.9815000144722,37.6854625509365,36.6060518961425,37.0847448455012,33637600,32.8928718566895
2017-12-13,37.0847448455012,37.112905781726,36.1367435384996,36.211834594381,27981100,32.1186485290527
2017-12-14,36.4277160092321,37.2724689046661,35.8457710677672,36.718684899426,23292300,32.568187713623
2017-12-15,37.0659756620695,37.4226474358902,36.5966673044266,37.2724689046661,47358400,33.0593719482422
2017-12-18,37.5258958474578,37.6197596673096,37.0284301341288,37.112905781726,18523300,32.917854309082
2017-12-19,37.0378147258446,37.112905781726,36.4746461288887,36.7374576633963,21131900,32.5848503112793
2017-12-20,36.9815000144722,37.1598359013826,36.5685063682018,36.9627272505019,17191000,32.7846527099609
2017-12-21,37.056587489815,38.7085549138195,36.9815000144722,38.3049494398035,34401700,33.9751510620117
2017-12-22,38.3331067954897,38.5677609743112,38.0515224970117,38.2767885035787,13571500,33.9501647949219
2017-12-26,38.1453827363249,38.4926699184298,38.135998144609,38.3143340315194,10478700,33.9834785461426
2017-12-27,38.3331067954897,38.3424913872056,37.7793227902496,37.9295013214738,12029600,33.6421432495117
2017-12-28,38.0890680249524,38.0890680249524,37.5728259671144,37.8168683181903,9198000,33.5422401428223
2017-12-29,37.6385288507413,37.9388859131897,37.5915987310848,37.5915987310848,12231000,33.3424301147461
2018-01-02,38.503779616772,38.7393631889796,37.74048754872,38.7016689546936,18270300,34.3270263671875
2018-01-03,38.4001222698454,38.9843685223987,37.74048754872,38.0797284678542,21062900,33.7753829956055
2018-01-04,38.1362698192832,38.3718533914909,37.7876035442175,38.3247338012733,18143800,33.9927024841309
2018-01-05,38.5508956122695,38.8618676530492,38.0797284678542,38.6734000763391,17007500,34.3019561767578
2018-01-08,38.4189693869884,38.6639747204075,37.9666493597161,38.1456915804947,15189500,33.8338928222656
2018-01-09,38.1928075759922,38.6639747204075,38.1174227021402,38.2681960445643,17026000,33.9425468444824
2018-01-10,38.0985755849972,38.7959009456886,37.8441448956466,38.7205160718366,20198100,34.34375
2018-01-11,38.8241734187631,40.2094023789344,38.7676320673341,40.1434392662939,36703700,35.605827331543
2018-01-12,40.1151703879394,40.2470966132205,39.512077018243,39.9926659238698,18970000,35.4721031188965
2018-01-16,40.1340175050824,40.1340175050824,39.3424565586759,39.4084196713165,19018100,34.9538917541504
2018-01-17,39.6251561263811,39.7759294688052,39.0220627566848,39.2764934460354,17078100,34.8368721008301
2018-01-18,38.6922471934821,39.5214987794545,38.6451276032645,39.436688549671,21817300,34.9789695739746
2018-01-19,39.5309241353861,40.1245957438709,39.380150792962,40.0492072752989,23591700,35.5222473144531
2018-01-22,39.9643970455153,40.4449859511421,39.7193917120962,40.4167170727876,22437400,35.8482246398926
2018-01-23,40.0492072752989,40.3696010772901,39.5403458965976,39.9926659238698,19155500,35.4721031188965
2018-01-24,40.237674852009,41.4627087085447,39.1728360991088,40.5109526585027,48918800,35.9318008422852
2018-01-25,40.6334535278522,41.0198104424839,39.5591930137406,39.7099663561647,27799100,35.2213516235352
2018-01-26,39.6722721218786,40.331906843004,39.5309241353861,40.331906843004,27999900,35.7729949951172
2018-01-29,39.8607396985887,39.8984339328748,38.9655214052557,39.5591930137406,21559300,35.0876197814941
2018-01-30,39.6063090092381,40.0115130410128,39.2859152072469,39.8984339328748,21398600,35.3885116577148
2018-01-31,39.8513179373773,40.2659437303635,39.6534285994556,40.0774761536534,26926300,35.5473175048828
2018-02-01,39.7382352345192,40.1340175050824,39.4649610227455,39.474382783957,26485900,35.0123977661133
2018-02-02,39.1068729864683,39.7288134733077,38.4755107384174,38.7393631889796,32030600,34.360466003418
2018-02-05,38.9749467611872,39.2387992117494,36.8452692553869,36.939504841102,42367300,32.7640495300293
2018-02-06,36.6756487958198,37.5049039765123,36.2798701199766,37.3823995124428,48696300,33.1568794250488
2018-02-07,37.2222044088072,38.0891502290657,37.0996999447376,37.8347231344351,33065600,33.5580749511719
2018-02-08,37.5991395622274,37.8441448956466,35.9500545567739,35.9877451963399,34122900,31.9198741912842
2018-02-09,36.157365655907,36.7416155031804,35.2715727185055,36.3458332326172,37376000,32.2374877929688
2018-02-12,36.3741021109717,36.8170003770324,36.063133664912,36.3175643542627,30682500,32.2124214172363
2018-02-13,35.9594763179854,36.9112323680275,35.9029349665564,36.7133430301059,18133300,32.5634498596191
2018-02-14,36.5814168048248,37.3352835169452,36.2798701199766,37.1562412961666,21982500,32.956298828125
2018-02-15,37.4672097422263,37.8064506613605,36.996042597811,37.7687600217945,21687700,33.4995727539062
2018-02-16,37.683949792011,38.0891502290657,37.4012466295858,37.4954822153009,22563900,33.2571792602539
2018-02-20,37.2598986430932,37.4012466295858,36.7887314986779,37.1939355304527,18163800,32.9897232055664
2018-02-21,37.1750884133097,37.5425982107984,36.7510372643919,36.7604590256034,14230300,32.6052436828613
2018-02-22,36.8075786158209,37.2881675214477,36.3458332326172,36.5625696876818,18800900,32.4297256469727
2018-02-23,36.8923888456045,37.3635559900198,36.6662270346083,37.2222044088072,16514400,33.0148010253906
2018-02-26,37.2504732871617,37.4483662198033,37.0996999447376,37.2975928773792,14875600,33.0816535949707
2018-02-27,35.8087029755613,35.9971705522715,34.480011772099,34.5459748847396,69200000,30.641077041626
2018-02-28,34.7721366957357,34.9417571553028,33.6884508256926,34.1219237358218,69818500,30.2649555206299
2018-03-01,34.3386601908865,34.7438642226612,34.1125019746103,34.4328957766015,34517600,30.5407695770264
2018-03-02,34.1596179701079,34.4705900108876,33.9805757493293,34.385779781104,28854900,30.4989852905273
2018-03-05,34.3103913125319,34.9606006777258,34.0653859791128,34.6590539928776,29259400,30.7413883209229
2018-03-06,34.9417571553028,34.9511789165143,34.2915441953889,34.7438642226612,19795200,30.8165969848633
2018-03-07,34.6967482271637,34.6967482271637,33.9523032762547,34.0371135060383,25136500,30.1897354125977
2018-03-08,34.2726970782459,34.8757904479423,34.0276917448268,34.7532895785927,23111100,30.8249492645264
2018-03-09,34.8663686867308,34.9982949120119,34.3952015423155,34.9888731508004,23737400,31.0339031219482
2018-03-12,34.9511789165143,35.0736833805839,34.7438642226612,34.8286744524447,17947700,30.8918228149414
2018-03-13,34.8569469255193,34.9700260336573,34.1313490917533,34.329238429675,20580700,30.4488334655762
2018-03-14,34.348085546818,34.442317537813,33.8863401636142,33.9428815150432,26107400,30.1061458587646
2018-03-15,33.9240343979002,34.2161593215369,33.8298024069052,34.0653859791128,22205500,30.2148017883301
2018-03-16,34.1973122043939,34.5082806504535,33.7167197040471,33.7638392942646,46607100,29.9473476409912
2018-03-19,33.54709924448,33.8015299338306,32.8686210009316,33.2643996767748,34417400,29.5043544769287
2018-03-20,33.3209410282039,33.4528672534849,32.5576489601519,32.5764960772949,20893700,28.894214630127
2018-03-21,32.5576489601519,33.1230516902823,32.4634169691569,32.5011112034429,21662600,28.8273487091064
2018-03-22,32.1995609238747,32.2561022753037,31.2949208693301,31.3137679864732,53922000,27.7742156982422
2018-03-23,31.7095502570364,31.7849351308884,31.2383831126211,31.2572266350441,43863100,27.7240657806396
2018-03-26,31.8037822480315,31.8414764823175,30.8520261979894,31.6058929101098,32248200,28.0333251953125
2018-03-27,31.7095502570364,31.926286712101,30.8614479592009,31.087609770197,31011300,27.5736255645752
2018-03-28,31.2854991081186,31.8980142390265,31.2289577566896,31.3608839819707,32906700,27.8160037994385
2018-03-29,31.5305044415378,32.5293800817974,31.4080035721882,32.1995609238747,32542600,28.5598888397217
2018-04-02,32.1241760500226,32.3220653879443,31.3420368648277,31.5870457929668,35584000,28.0166015625
2018-04-03,31.6723371756645,31.7955399850042,31.1984841099708,31.7197253744035,29274500,28.1342906951904
2018-04-04,31.4164597015764,32.6105678364313,31.3216869193105,32.5157986693773,26401000,28.8403835296631
2018-04-05,32.7622006728448,32.989651735071,32.5537041670717,32.7906306999186,23737400,29.0841464996338
2018-04-06,32.4589350000178,32.7242915599384,32.0988056578312,32.3357321906781,33780800,28.6806697845459
2018-04-09,32.5916132799781,32.7527252022242,32.1461902413582,32.174623883644,17554700,28.5377712249756
2018-04-10,32.4399804435646,32.6010923658107,31.7860645143836,32.0893301872106,30537700,28.4621143341064
2018-04-11,31.8334490979106,32.2883476071511,31.7860645143836,31.8050190708368,21874300,28.2099437713623
2018-04-12,32.0040364907773,32.1177602142844,31.1795331687296,31.3975051451233,29449600,27.8484992980957
2018-04-13,31.5017533980098,31.7007708179503,31.1510995264438,31.2932568922367,24725500,27.7560291290283
2018-04-16,31.5965225650637,31.9756064637035,31.2553477793304,31.776585428551,15267200,28.1847190856934
2018-04-17,31.9850819343241,32.079851101378,31.3216869193105,31.5301834250836,33580500,27.9661769866943
2018-04-18,31.5775680086106,31.7955399850042,31.4543651992708,31.5301834250836,23564000,27.9661769866943
2018-04-19,31.520704339251,31.9945574049447,31.3406414757637,31.7292008450241,21006800,28.1426906585693
2018-04-20,31.7955399850042,32.0324665178511,31.3690715028375,31.473319755724,25272500,27.9157371520996
2018-04-23,31.5017533980098,32.1461902413582,31.4354106428177,32.0988056578312,20953200,28.4705238342285
2018-04-24,32.3073021636043,32.4968441129242,31.4543651992708,31.6059980356843,28917300,28.0334148406982
2018-04-25,31.4448897286502,32.9612180927853,31.3216869193105,32.4684104706384,39731600,28.7983455657959
2018-04-26,32.5157986693773,32.6769069764114,31.2932568922367,31.5870470944431,32554700,28.0166053771973
2018-04-27,31.3406414757637,31.3785505886701,30.1370542550763,30.1465315333029,51653800,26.738920211792
2018-04-30,30.2413025079628,30.5540472666224,29.701110302289,29.748494885816,38337600,26.3858795166016
2018-05-01,29.7390176075894,30.4213653714501,29.5779074929493,30.3834598737557,25115000,26.9490699768066
2018-05-02,30.3171189261696,30.3265962043962,29.5494774658755,29.6632011893826,19864100,26.3102264404297
2018-05-03,29.5210456311957,29.6252938840822,28.9524215908421,29.3883673512354,21774300,26.0664577484131
2018-05-04,29.3694127947822,30.3739807879231,29.3409809601024,30.2886870914898,20750000,26.8650131225586
2018-05-07,30.35502623147,30.7151555736565,30.1560088115295,30.6962010172033,18655600,27.2264595031738
2018-05-08,29.9001277222295,30.3455507608494,28.9239915637683,28.9903307037484,52988700,25.7134132385254
2018-05-09,28.9713761472953,29.350458238329,28.8386978673349,29.1230089837088,22805200,25.8310928344727
2018-05-10,29.1324862619354,29.9854214186628,29.094578956635,29.909605000456,24505700,26.528772354126
2018-05-11,29.8906522516089,30.2792116208692,29.8622204169291,30.2318252297362,14674200,26.8145751953125
2018-05-14,30.2223479515096,30.563522737243,30.1465315333029,30.4592744843565,19657800,27.0163116455078
2018-05-15,30.307641647943,30.35502623147,30.0707151150961,30.3360716750168,23990300,26.9070415496826
2018-05-16,30.4497990137359,30.9710366629565,30.3645053173025,30.8478338536168,19169800,27.360954284668
2018-05-17,30.9520821065034,31.1226694993701,30.6867255465827,30.7151555736565,23067300,27.2432689666748
2018-05-18,30.7530646865629,31.0468512735573,30.5824772936962,31.0089457758629,18067100,27.503849029541
2018-05-21,31.0563303593899,31.170054082897,30.516138153716,30.6488164336764,18368400,27.1844291687012
2018-05-22,30.7151555736565,30.9994666900303,30.6203864066026,30.8099247407105,13577000,27.3273258209229
2018-05-23,30.1844406462093,30.5540472666224,30.1370542550763,30.212870673283,27868200,26.7977542877197
2018-05-24,30.1086242280025,30.3739807879231,29.6442484405354,29.9759441404362,24034700,26.5876197814941
2018-05-25,29.9380368351358,30.3360716750168,29.9285595569092,30.0896696715493,13190300,26.6884860992432
2018-05-29,29.9001277222295,30.2223479515096,29.7390176075894,29.8622204169291,19084300,26.4867515563965
2018-05-30,30.0233305315692,30.0422850880224,29.6821557458358,29.8337885822493,17408700,26.4615325927734
2018-05-31,29.9001277222295,29.9190822786826,29.0661471219552,29.5494774658755,35462000,26.2093563079834
2018-06-01,29.701110302289,29.8053585551755,29.4926156041219,29.6252938840822,18234100,26.2766017913818
2018-06-04,29.6632011893826,29.8622204169291,29.5210456311957,29.653725718762,19434400,26.301815032959
2018-06-05,29.6252938840822,29.6821557458358,29.4167991859152,29.4547064912155,22919900,26.1252994537354
2018-06-06,29.5020910747425,30.7909737994693,29.3409809601024,30.5824772936962,33711500,27.1255950927734
2018-06-07,30.7246310442771,30.9520821065034,30.2792116208692,30.3265962043962,26415000,26.8986339569092
2018-06-08,30.307641647943,30.5066590678835,30.1749633679827,30.4024144302089,21775000,26.9658794403076
2018-06-11,30.2981643697164,30.7435856007303,30.212870673283,30.3265962043962,25960600,26.8986339569092
2018-06-12,30.2697343426426,30.914172993597,30.1654860897561,30.6867255465827,32994300,27.2180557250977
2018-06-13,29.4073219076886,30.9426066358828,29.3694127947822,30.6298618772232,45830100,27.1676177978516
2018-06-14,31.1321449699906,32.2788721365305,31.0563303593899,32.0514210743042,42639500,28.4284934997559
2018-06-15,32.5916132799781,32.6010923658107,31.8334490979106,32.1082847436638,53138700,28.4789333343506
2018-06-18,32.0229910472305,32.0229910472305,30.8573129394494,30.8762674959026,29986200,27.386173248291
2018-06-19,30.4877045114303,31.3501205615963,30.4877045114303,31.0942394722963,29019100,27.5795040130615
2018-06-20,31.6059980356843,31.9566519072503,30.6488164336764,31.6439071485907,50020200,28.0670433044434
2018-06-21,31.6059980356843,31.8903127672701,30.9426066358828,31.0752849158431,35125600,27.5626964569092
2018-06-22,31.2743023357835,32.3641658329638,31.1890086393502,32.0419456036836,105512100,28.4200878143311
2018-06-25,32.0324665178511,32.3262567200575,31.1890086393502,31.3880260592907,33063300,27.8400821685791
2018-06-26,31.56809253799,31.56809253799,30.961557577124,31.0658058300105,31471300,27.5542888641357
2018-06-27,30.8573129394494,31.1795331687296,30.6014318501494,30.6014318501494,28842400,27.1423988342285
2018-06-28,30.7435856007303,30.9899912194097,30.4024144302089,30.9236520794296,25199400,27.4281997680664
2018-06-29,30.8099247407105,31.8429245685312,30.8004492700899,31.0942394722963,37956600,27.5795040130615
2018-07-02,30.9226561408352,31.6661750380026,30.9035911807777,31.618510819724,17165000,28.0445137023926
2018-07-03,31.647110077945,32.0379326684516,31.4469334517447,31.5422546157631,12660800,27.9768810272217
2018-07-05,31.8186910821937,31.8377560422512,31.3706736115145,31.5708502377148,11330300,28.0022392272949
2018-07-06,31.7138356200118,32.0379326684516,31.4564641136388,32.0093370464999,11541300,28.3911647796631
2018-07-09,32.1999793745368,32.2190443345943,31.6947706599542,31.9902720864423,13664900,28.3742580413818
2018-07-10,32.13325383247,32.1427881306334,31.6375757797816,31.7805611620786,12363300,28.1882457733154
2018-07-11,31.5422546157631,32.5812713031492,31.4850597355905,32.1904487126427,33639100,28.5518093109131
2018-07-12,32.1046582105183,32.9530289335982,32.0283983702881,32.9339639735407,22374100,29.2112808227539
2018-07-13,32.790982227513,33.5059018664593,32.790982227513,33.0769493558377,25167300,29.338098526001
2018-07-16,33.1150792759528,33.6202879905354,33.0292887738285,33.3343208622107,22937600,29.5663890838623
2018-07-17,33.0864800177318,33.2866566439321,32.6098669251009,32.6670618052736,21119900,28.9745330810547
2018-07-18,32.5240764229766,32.8386428095222,32.390625338843,32.4478202190157,16172600,28.7800884246826
2018-07-19,33.4963675682959,33.6393529505929,33.1150792759528,33.277125982038,41627300,29.5156497955322
2018-07-20,33.1436748979045,33.3152559021531,32.6861267653311,32.6956574272252,24577000,28.9999103546143
2018-07-23,32.5622063430917,32.6956574272252,32.2381092946519,32.5717370049858,22336100,28.8899898529053
2018-07-24,32.5717370049858,32.6861267653311,31.7900918239727,31.8282217440878,21795000,28.2305240631104
2018-07-25,31.8282217440878,31.9521421663272,31.275352447496,31.8568173660395,22055800,28.255880355835
2018-07-26,33.2104004399712,33.4582376481808,32.1904487126427,33.1246099378469,40293000,29.3803730010986
2018-07-27,33.2104004399712,33.9443850389751,33.134140599741,33.4391763243926,22686900,29.6593761444092
2018-07-30,33.420111364335,34.0301755410995,33.3819814442199,33.8013996566781,21883100,29.9806632995605
2018-07-31,33.9825149590902,34.4019331715485,33.8776594969084,34.1064317450604,21644300,30.2512149810791
2018-08-01,34.2208215054057,34.2208215054057,33.6679485725446,33.7442084127748,20155600,29.9299354553223
2018-08-02,33.5249631902476,33.5535624484686,33.0006895156075,33.019754475665,19240300,29.2873668670654
2018-08-03,33.3057216039897,33.7728040347265,33.1055449777894,33.7537390746689,16485800,29.9383888244629
2018-08-06,33.9253200789176,34.0873667850028,33.6393529505929,33.6679485725446,12087200,29.8622970581055
2018-08-07,33.791868994784,33.8585945368508,33.5440281503051,33.7442084127748,10952200,29.9299354553223
2018-08-08,33.8109339548416,33.8299989148991,33.2580610219805,33.4105770661716,12297700,29.63401222229
2018-08-09,33.4582376481808,34.1350310032813,33.4105770661716,33.8299989148991,17122800,30.0060329437256
2018-08-10,33.6107536923719,33.6870135326021,33.3152559021531,33.4391763243926,11873700,29.6593761444092
2018-08-13,33.4773026082384,33.5440281503051,33.1532055597986,33.4010464042775,15910600,29.6255531311035
2018-08-14,33.4582376481808,33.8299989148991,33.4010464042775,33.7346741146114,10478900,29.9214668273926
2018-08-15,33.5535624484686,33.6202879905354,33.0483500976167,33.3343208622107,15367600,29.5663890838623
2018-08-16,33.4105770661716,34.1731572871271,33.3724471460565,33.9920456209843,16394500,30.1497535705566
2018-08-17,33.8967244569659,34.1731572871271,33.6965441944962,33.9348507408117,12079500,30.0990390777588
2018-08-20,34.0301755410995,34.0587711630511,33.648883612487,33.7728040347265,9957900,29.9552993774414
2018-08-21,33.791868994784,34.3256733313182,33.7728040347265,34.0683054612146,11407000,30.2173957824707
2018-08-22,34.0301755410995,34.0683054612146,33.791868994784,33.8204646167357,7951800,29.9975681304932
2018-08-23,33.7251434527172,33.8204646167357,33.6107536923719,33.6584179106505,11487500,29.853853225708
2018-08-24,33.7156091545538,35.0691922284856,33.6679485725446,34.792755762055,24501900,30.8599586486816
2018-08-27,34.9262068461886,34.9834017263612,34.6974345980366,34.7260302199882,11958300,30.8007774353027
2018-08-28,34.9452718062461,34.9834017263612,34.5067886337304,34.649770379758,10815200,30.7331428527832
2018-08-29,34.5735141757971,35.1740476906675,34.5258535937879,35.0310623083705,13419100,31.0713233947754
2018-08-30,34.8404163440642,34.9834017263612,34.7069652599307,34.9643367663037,10563600,31.012149810791
2018-08-31,34.8880769260735,35.3360943967527,34.8690156022852,35.2598381927918,20414900,31.274242401123
2018-09-04,35.0310623083705,35.1263834723889,34.5163192956245,34.678369637979,19158800,30.7585048675537
2018-09-05,34.5925791358547,34.7736908019975,34.4591280517211,34.5830448376912,16801100,30.6739597320557
2018-09-06,34.8213513840067,34.8213513840067,34.049240501157,34.2398828291939,18329000,30.3695907592773
2018-09-07,34.2208215054057,34.6688353398156,34.0778361231087,34.4781893755094,18156300,30.5809516906738
2018-09-10,34.6974345980366,34.8022864239491,34.5830448376912,34.6593046779215,14292300,30.7415924072266
2018-09-11,34.7355608818824,34.792755762055,34.5258535937879,34.6021097977488,20600900,30.690860748291
2018-09-12,34.5163192956245,34.6021097977488,34.0015762828785,34.4019331715485,20877400,30.5133152008057
2018-09-13,34.4591280517211,35.4886104409438,34.3924025096543,35.307498774801,22993900,31.3165264129639
2018-09-14,35.4123542369829,35.4695454808862,35.0024666864188,35.2312389345708,15004700,31.2488822937012
2018-09-17,35.2979644766376,35.4695454808862,35.0024666864188,35.2312389345708,13318500,31.2488822937012
2018-09-18,35.3742243168678,36.1082089158717,35.2503038946284,35.9747578317381,23443900,31.9083480834961
2018-09-19,35.8889673296138,36.165400159775,35.5458053211165,35.5744009430681,17452200,31.5532550811768
2018-09-20,35.8508374094987,36.2130643780536,35.3837549787619,36.0414833738049,20489900,31.9675331115723
2018-09-21,36.1749344579385,36.2797899201204,35.7269169872592,36.1272738759292,57634200,32.0436325073242
2018-09-24,34.2684820874149,34.5735141757971,33.1246099378469,33.9634499990327,67853400,30.1243953704834
2018-09-25,34.1826915852906,34.2970777093666,33.6393529505929,33.7442084127748,25533500,29.9299354553223
2018-09-26,33.9348507408117,34.2303521672998,33.648883612487,33.7156091545538,19777000,29.9045696258545
2018-09-27,33.8395295767932,34.049240501157,33.534497488411,33.5726274085261,17055300,29.7777442932129
2018-09-28,33.6012230304778,33.9920456209843,33.5059018664593,33.7537390746689,17306300,29.9383888244629
2018-10-01,33.8681251987449,33.9729806609268,33.3533858222682,33.8585945368508,20430700,30.0314025878906
2018-10-02,33.8106753029014,34.3952709175495,33.5423377706005,34.2131852571774,25036400,30.3459053039551
2018-10-03,34.2898515567671,34.385689001035,33.5519196871149,33.7244234309725,28967700,29.9123916625977
2018-10-04,33.5902546648221,33.8106753029014,33.3890015155964,33.7435909198261,23118400,29.9293785095215
2018-10-05,33.7244234309725,33.7627584086797,32.9769096448059,33.1206639832955,20433800,29.3768672943115
2018-10-08,33.0631615167347,33.7627584086797,33.0152446225131,33.7148415144581,18925400,29.9038887023926
2018-10-09,33.8106753029014,34.3377721068134,33.532755854086,33.9640115579054,17407000,30.1248874664307
2018-10-10,33.8969271748302,34.1652683629558,32.8044059009483,32.8523227951699,25754000,29.1388645172119
2018-10-11,33.158995305178,33.2452471771068,32.1143909255177,32.2677271805218,36284000,28.6203479766846
2018-10-12,32.6319021570907,33.3410846213748,32.4785659020866,33.1781627940316,31439300,29.4278736114502
2018-10-15,33.1685808775172,34.1844321959847,33.0727434332492,33.6285896425293,22877300,29.8273830413818
2018-10-16,33.7531764921653,34.5965240667752,33.7340090033117,34.5006902783319,26282200,30.6009044647217
2018-10-17,34.6156915556288,35.1427847037161,34.2994371291062,34.8840327437544,20386600,30.9409160614014
2018-10-18,34.7690278106328,35.1140352983481,34.3281865344743,34.4431878117711,27905800,30.5499038696289
2018-10-19,34.6156915556288,34.9894484487121,34.2898515567671,34.4815227894783,24405300,30.5839042663574
2018-10-22,34.5965240667752,34.7402784052648,34.107765896395,34.261102151399,24301900,30.3884048461914
2018-10-23,33.9352621525374,34.2994371291062,33.5902546648221,34.1652683629558,20100200,30.3034000396729
2018-10-24,34.4815227894783,34.7498603217792,32.6319021570907,32.6989865401659,29974900,29.0028648376465
2018-10-25,34.385689001035,34.7690278106328,33.5902546648221,34.3473540233279,33839600,30.4649028778076
2018-10-26,34.1556827906166,34.9031965767833,33.4656678151861,33.7723439810189,42435100,29.9548931121826
2018-10-29,34.4240203229175,34.9990340210512,33.9448440690518,34.4911083618174,32373500,30.5924072265625
2018-10-30,34.9702846156832,36.1969746557155,34.6156915556288,36.1394721891547,36610600,32.0544395446777
2018-10-31,36.3790603160876,37.0403258861501,35.7657152960714,36.5515640599452,28182000,32.4199562072754
2018-11-01,36.513229082238,36.5803134653133,36.0915552949331,36.3694783995731,23797500,32.2584533691406
2018-11-02,36.5036471657236,36.6378159318741,35.4686247025778,36.0915552949331,24593400,32.0119476318359
2018-11-05,36.359892827234,36.7528172091709,36.2736409553052,36.4365627826484,18780000,32.3179626464844
2018-11-06,36.5228146545772,36.5994809541669,35.9669684452971,36.1586396780083,19682900,32.0714492797852
2018-11-07,36.3886458884267,36.7432352926565,36.0723878060795,36.7049003149493,21551900,32.555965423584
2018-11-08,36.8869896311461,36.9732415030749,36.331143421866,36.7049003149493,14327200,32.555965423584
2018-11-09,36.5707315487988,37.0978246968862,36.3694783995731,36.7432352926565,17819200,32.5899658203125
2018-11-12,36.6569834207276,36.9732415030749,36.0053034230043,36.4173952937948,17042200,32.3009605407715
2018-11-13,36.6569834207276,36.8869896311461,35.9478009564435,36.1490577614939,17569500,32.0629501342773
2018-11-14,36.4269772103092,37.0690752915181,36.1969746557155,36.6953183984348,23447600,32.5474624633789
2018-11-15,36.5228146545772,36.8869896311461,36.2448915499371,36.8869896311461,20772100,32.7174835205078
2018-11-16,37.0978246968862,37.2990778461119,36.7144858872884,36.9828234195893,21542400,32.8024597167969
2018-11-19,36.9828234195893,37.2894959295974,36.4078133772803,36.5898990376524,19265800,32.4539642333984
2018-11-20,36.5707315487988,36.8774040588069,35.08528589298,35.2290365756449,29276600,31.246919631958
2018-11-21,35.1715377649088,36.1586396780083,35.1332027872017,35.9478009564435,16525400,31.8844432830811
2018-11-23,35.7082128295107,36.1394721891547,35.6507140187746,35.8327996791467,5743900,31.782434463501
2018-11-26,36.20655657223,36.4078133772803,35.8807165733683,36.1969746557155,13283800,32.1054382324219
2018-11-27,36.0532203172259,36.8486546534389,36.0532203172259,36.7624027815101,13718500,32.6069679260254
2018-11-28,36.6378159318741,37.4428321846014,36.5994809541669,37.433250268087,17816000,33.2019844055176
2018-11-29,37.0882427803717,38.008260310396,37.030740313811,37.7782540999776,16362200,33.5079879760742
2018-11-30,37.8070071611703,37.9507578438352,37.1074102692253,37.3853297180407,38075200,33.1594848632812
2018-12-03,37.461999673455,37.5961684396055,37.0690752915181,37.5195021400158,23382700,33.2784843444824
2018-12-04,37.5674190342375,37.6536709061663,35.8040502737786,36.1203047003011,30198200,32.0374488830566
2018-12-06,35.756133379557,36.3407253383804,35.4398752972097,36.3023940164979,27455100,32.1989631652832
2018-12-07,36.0915552949331,36.4365627826484,35.5357127414777,35.8519671680002,20605200,31.7994499206543
2018-12-10,35.9765540176362,36.0340528283723,35.1811196814233,35.7944647014395,16235400,31.7484378814697
2018-12-11,36.2161421445691,36.3503109107196,35.209872742616,35.3057065310593,24295000,31.3149299621582
2018-12-12,35.756133379557,35.9286371234146,35.2961246145449,35.4398752972098,23589100,31.4339294433594
2018-12-13,35.4877921914314,35.7465478072178,34.8744471714152,35.2290365756449,18407300,31.246919631958
2018-12-14,34.8744471714152,35.3152884475737,34.6731940221895,34.8265302771936,18146900,30.8899154663086
2018-12-17,34.8744471714152,35.3248740199129,34.5006902783319,34.7019434275576,20725300,30.7794094085693
2018-12-18,34.9415315544904,34.9415315544904,33.7627584086797,34.1652683629558,23690300,30.3034000396729
2018-12-19,34.3281865344743,35.0373689987584,33.4944208763788,33.7244234309725,32338800,29.9123916625977
2018-12-20,33.7531764921653,33.954429641391,32.8044059009483,33.1781627940316,27230400,29.4278736114502
2018-12-21,33.2260796882532,34.5006902783319,32.2677271805218,32.3443971359362,40280400,28.6883525848389
2018-12-24,32.3156477305681,32.555235857501,31.6543821605056,31.6927171382128,13391400,28.1103343963623
2018-12-26,31.8748027985849,32.7469034343875,31.2518758620543,32.7181540290195,22917200,29.0198631286621
2018-12-27,32.3923140301578,33.0631615167347,31.73105211592,33.0344121113667,17456600,29.3003711700439
2018-12-28,33.40816900445,33.8873452583157,32.7564890067267,32.9194071782451,16231300,29.1983642578125
2018-12-31,33.044688310973,33.3434276643526,32.0906405997213,32.81340279195,21613200,29.1043472290039
2019-01-02,32.2737427078274,33.1988774316021,32.2062815211535,33.1217810332082,16970400,29.3778648376465
2019-01-03,33.0832365101699,34.0469194331415,32.8904991903439,33.3819758635496,28750400,29.6086444854736
2019-01-04,33.7578116153231,34.5383961063472,33.5939872829741,34.5094867950288,22843800,30.6087093353271
2019-01-07,34.3360235748012,34.6058536168625,33.9890971343461,34.1432862549752,26180800,30.2839031219482
2019-01-08,34.3649328861196,34.586579517264,34.0758287444598,34.422755184915,20440700,30.5317821502686
2019-01-09,34.5673054176656,34.8082261484084,34.2203789772104,34.7504075257717,16045100,30.8223972320557
2019-01-10,34.6058536168625,34.6925852269763,34.2107437654905,34.5191220067487,16669600,30.6172580718994
2019-01-11,34.3167494752027,34.4420292845134,34.027645333543,34.3360235748012,19161600,30.4548511505127
2019-01-14,34.1240121553767,34.6829500152563,34.0661898565813,34.4709385958318,16609400,30.5745277404785
2019-01-15,34.422755184915,34.6925852269763,34.2782012760058,34.5287608946272,13450000,30.6258106231689
2019-01-16,34.7022204386962,35.0009634682345,34.5769443055441,34.5962184051426,20838500,30.6856307983398
2019-01-17,34.4998479071502,34.8853225468023,34.4420292845134,34.6058536168625,25457200,30.6941890716553
2019-01-18,34.817865036287,34.9624152690375,34.2396530768089,34.8949577585222,22670000,30.9506053924561
2019-01-22,34.7407686378931,34.7793168370901,33.5650779716557,33.6999929926863,32850900,29.8907279968262
2019-01-23,34.7793168370901,36.0610132130398,34.6540370277793,35.5502624402356,36648300,31.5318412780762
2019-01-24,35.5117142410387,35.5406272285157,34.1529214666951,34.9238707459992,40436900,30.9762592315674
2019-01-25,35.2997064977728,35.4924438175988,34.2685660642859,34.4805738075518,25199500,30.5830631256104
2019-01-28,34.191469665892,34.2396530768089,33.4108851748679,34.0854639561798,26457000,30.2326126098633
2019-01-29,34.0951028440583,35.010602356113,34.0951028440583,34.7696816253701,19312300,30.8394985198975
2019-01-30,34.7214945382946,34.7214945382946,33.9698230347476,34.1432862549752,22674000,30.2839031219482
2019-01-31,34.5769443055441,35.4731697180003,34.4709385958318,35.2418841989774,31274500,31.2583179473877
2019-02-01,35.376799220008,35.5406272285157,35.1551525888636,35.4538956184019,18712300,31.4463634490967
2019-02-04,35.405712207485,35.5309883406371,34.9527800573176,35.4346215188034,22890300,31.4292793273926
2019-02-05,35.5309883406371,35.9164629802892,35.2418841989774,35.800822058857,24378500,31.7540721893311
2019-02-06,35.7911831709785,35.9357370798876,35.4538956184019,35.8200924822969,20357300,31.7711696624756
2019-02-07,35.8104572705769,36.3404821429796,35.7429997600616,36.3115728316612,22902300,32.2070999145508
2019-02-08,36.1381096114336,36.3886655538964,35.6466329382279,36.2344764332673,18071000,32.1387138366699
2019-02-11,36.3308469312596,36.3693951304566,35.5599013281141,35.6562681499478,14761400,31.6258602142334
2019-02-12,35.9550111794861,36.0899262005168,35.6948163491448,35.8875536689708,14626400,31.8310089111328
2019-02-13,35.8875536689708,36.0899262005168,35.4538956184019,35.6851774612662,14326400,31.6515045166016
2019-02-14,35.6177199507509,36.0995614122367,35.4153474192049,35.9068240924106,16008400,31.8480968475342
2019-02-15,36.2344764332673,36.4079396534949,35.800822058857,36.398304441775,15877100,32.2840194702148
2019-02-19,36.3790303421765,36.562128774124,36.1188355118351,36.1862930223505,12853500,32.0959739685059
2019-02-20,36.3308469312596,36.5428546745255,36.167018922752,36.4175785413734,14970400,32.3011207580566
2019-02-21,36.2441153211459,37.0728832230868,36.0802873126382,37.0728832230868,22082200,32.8823547363281
2019-02-22,37.0825184348067,37.3330780534281,37.0150609242914,37.2077982441174,20376900,33.0020179748535
2019-02-25,37.2559816550343,37.3908966760649,36.9186941024577,37.1692500449205,16212000,32.9678344726562
2019-02-26,37.2270723437159,37.4487189748603,37.0150609242914,37.3908966760649,18127700,33.164421081543
2019-02-27,37.2367075554358,37.3138039538297,36.9957868246929,37.1307018457236,17534900,32.9336395263672
2019-02-28,37.149975945322,37.4872671740572,37.1210666340036,37.2656168667542,18315300,33.0533065795898
2019-03-01,37.4390800869818,38.0751106690967,37.4101707756634,37.6800008177247,24117200,33.4208450317383
2019-03-04,37.8245547266338,38.2100293662859,36.986151612973,37.3234391655496,15970400,33.1045799255371
2019-03-05,37.381261464345,37.573998784171,37.149975945322,37.3138039538297,14946000,33.0960426330566
2019-03-06,37.4679930744588,37.5354505849741,37.0536091234883,37.2077982441174,11051900,33.0020179748535
2019-03-07,37.1692500449205,37.2559816550343,36.75486609395,36.986151612973,14176700,32.805419921875
2019-03-08,36.8319624923439,37.0825184348067,36.5139453632071,36.8030495048669,13652900,32.6430244445801
2019-03-11,36.8608718036623,37.8149195149139,36.7163178947531,37.74745832824,25653900,33.4806823730469
2019-03-12,37.7378231165201,38.2871220885212,37.5547246845726,38.0558402456568,21376100,33.7542037963867
2019-03-13,38.2485738893242,38.4124018978319,37.940195648066,38.1232977561721,21550400,33.814037322998
2019-03-14,38.0365661460583,38.4991335079457,37.940195648066,38.4220371095518,16567600,34.0789985656738
2019-03-15,38.4605853087487,39.0484324799468,38.1040236565737,39.0002490690299,66922700,34.5918579101562
2019-03-18,38.7689635500069,38.9809749694314,38.4316759974303,38.4702205204687,21799700,34.1217460632324
2019-03-19,38.5280428192641,38.8846044714391,38.2582127772028,38.335305499438,16787000,34.002067565918
2019-03-20,38.3160313998396,38.3545795990365,37.4872671740572,38.0365661460583,23337900,33.7371025085449
2019-03-21,38.0172920464599,38.7111412512115,37.8245547266338,38.5955003297794,17684000,34.2328453063965
2019-03-22,38.4894946200671,38.5184076075441,37.9209215484676,38.0269272581798,17030100,33.7285614013672
2019-03-25,38.0462013577783,38.0847495569752,37.5258116970956,37.7570972161185,15844100,33.4892311096191
2019-03-26,37.969108635543,38.2774868768012,37.7860065274369,38.1907552666874,11188300,33.8738632202148
2019-03-27,38.2389386776043,38.923152670636,38.2389386776043,38.7496894504085,18266600,34.3696212768555
2019-03-28,38.7496894504085,39.0291583803483,38.6629578402947,38.9520619819544,10454400,34.5491180419922
2019-03-29,38.7400542386886,38.8749692597192,38.1522070674905,38.5280428192641,21135700,34.1730270385742
2019-04-01,38.8749692597192,38.923152670636,38.5184076075441,38.8460599484008,14326000,34.4551048278809
2019-04-02,38.9138679191505,39.1269896227783,38.5651283524099,38.7685606901945,14237200,34.3863677978516
2019-04-03,39.0398038072406,39.3110506196971,38.7201249472092,39.0107431005315,21040200,34.6011772155762
2019-04-04,39.0591788435168,39.3497969968391,38.8654321761652,39.1463646590545,12294800,34.7214622497559
2019-04-05,39.1657396953307,39.2819862175776,39.0494931730839,39.1560503294875,21141000,34.730052947998
2019-04-08,39.0882395502259,39.4757328849293,38.9138679191505,39.4369828123769,12467200,34.9792289733887
2019-04-09,39.4272971419439,39.8535368537893,39.3013612538538,39.7566653678186,14949600,35.2627754211426
2019-04-10,39.8922869263417,39.9988477781556,39.5047935916384,39.795415440371,13375200,35.2971420288086
2019-04-11,39.8341618175131,39.8535368537893,39.5726043708999,39.7566653678186,9249400,35.2627754211426
2019-04-12,39.7857260745278,40.037597850708,39.6694795522809,40.0085334485886,11536400,35.4861717224121
2019-04-15,40.0279084848648,40.4928982692625,39.9697833760362,40.4735232329864,12729100,35.8986015319824
2019-04-16,40.531648341815,40.8610165676897,40.2119657863732,40.6575842299051,10053600,36.0618591308594
2019-04-17,40.8222664951373,41.3066313158113,40.5800840848003,41.2388205365497,15338700,36.577392578125
2019-04-18,41.4035064971922,41.49069231273,40.7253950091666,41.1031989780267,13959300,36.4570999145508
2019-04-22,40.9385130173841,41.0838239417505,40.5510233780911,40.6866449366142,10179600,36.0876426696777
2019-04-23,40.6575842299051,40.8707022381226,40.4057124537248,40.6769592661813,16963600,36.079044342041
2019-04-24,40.7157056433233,40.9288273469512,40.4347768558443,40.5413340122479,25514100,35.9587440490723
2019-04-25,41.1225740143028,42.4400469178017,40.7932057884281,41.5875637987006,27730500,36.8867225646973
2019-04-26,42.5562934400486,42.5853541467577,41.529438689872,41.7328747230669,16530400,37.0156059265137
2019-04-29,41.8200568431944,42.1397393986361,41.5681887624244,42.0913036556508,11832500,37.3335189819336
2019-04-30,42.1978645074647,42.2947359934354,41.6941246505146,42.1688001053453,15703000,37.4022483825684
2019-05-01,42.1203643623599,42.4303575519585,41.9459927312845,42.0622392535314,14327500,37.3077430725098
2019-05-02,41.9653677675607,42.0331785468222,41.0353881987651,41.3163206816545,18051100,36.6461372375488
2019-05-03,41.626313871253,42.1494250690691,41.4035064971922,41.9363070608515,12751000,37.1960411071777
2019-05-06,41.4325672039014,42.0525535830984,41.3647564246398,41.9459927312845,13307500,37.2046394348145
2019-05-07,41.6553745779622,41.7619354297761,41.0450738691981,41.4228778380581,15505200,36.7406463623047
2019-05-08,41.393817131349,41.6166245054098,41.0353881987651,41.2194455002735,13076900,36.5602111816406
2019-05-09,40.9675774195036,41.635999541686,40.8416415314135,41.5778744328574,13624400,36.8781242370605
2019-05-10,41.3647564246398,41.86849628159,40.8997666402421,41.8006855023285,12931500,37.0757484436035
2019-05-13,41.2388205365497,41.7134996867908,40.8222664951373,40.9578880536603,17108700,36.3282279968262
2019-05-14,40.9482023832274,42.0331785468222,40.9482023832274,41.5681887624244,16592600,36.8695411682129
2019-05-15,41.4131921676252,41.5778744328574,40.8319558609805,41.1613240868552,37268400,36.5086631774902
2019-05-16,41.2388205365497,41.9459927312845,41.0838239417505,41.8394318794706,17593700,37.1101188659668
2019-05-17,41.7134996867908,42.4400469178017,41.6747496142384,42.1784894711885,13915900,37.4108467102051
2019-05-20,42.0234928763893,42.0234928763893,41.0838239417505,41.4422528743343,14094100,36.7578277587891
2019-05-21,41.7134996867908,41.9556820971277,41.3453813883636,41.9363070608515,16482100,37.1960411071777
2019-05-22,41.9072426587321,42.1397393986361,41.7328747230669,41.9459927312845,11964300,37.2046394348145
2019-05-23,41.6553745779622,41.8006855023285,41.1710097572882,41.393817131349,14755000,36.7148666381836
2019-05-24,41.4713172764538,41.7134996867907,41.2969456453783,41.3356920225204,9361800,36.6633148193359
2019-05-28,41.5100636535958,41.6844352846713,41.1031989780266,41.141949050579,15224600,36.4914817810059
2019-05-29,40.9191416765183,41.0450738691981,40.4444625262772,40.6091447915094,16520000,36.0189018249512
2019-05-30,40.909452310675,40.9191416765183,40.1247799708354,40.4347768558443,22663900,35.8642311096191
2019-05-31,40.0957192641263,40.182905079664,39.4951079212055,39.7179152952662,22114400,35.2284049987793
2019-06-03,39.7469760019754,39.9697833760362,39.4079221056677,39.6791652227139,22205800,35.194034576416
2019-06-04,40.1538443729549,40.5607090485241,39.9600977056032,40.1054086299696,21918500,35.5721015930176
2019-06-05,40.4541481967102,40.4832125988296,39.9310369988941,40.0085334485886,24325300,35.4861717224121
2019-06-06,39.9794727418794,40.047283521141,39.5338579937578,39.8632262196326,23997700,35.3572959899902
2019-06-07,40.0569691915739,40.289465931478,39.8147867812369,40.182905079664,32287600,35.6408309936523
2019-06-10,40.182905079664,40.3282160040303,39.8341618175131,39.9988477781556,16781700,35.4775848388672
2019-06-11,40.2700908952018,40.5025876351058,39.7469760019754,39.9310369988941,16895700,35.4174461364746
2019-06-12,39.9988477781556,40.4832125988296,39.9600977056032,40.1538443729549,24733900,35.615062713623
2019-06-13,40.1635300433878,40.425087490001,40.0763442278501,40.3863374174486,26154900,35.8212738037109
2019-06-14,40.6575842299051,41.1710097572882,40.3960267832919,40.9869524557798,20943700,36.3540000915527
2019-06-17,41.0160131624889,41.4422528743343,40.7738307521519,41.2291348661168,14562000,36.5688056945801
2019-06-18,41.635999541686,42.2463002504501,41.6069388349768,41.8975569882992,21811300,37.1616744995117
2019-06-19,41.86849628159,42.3916074794061,41.7231853572237,41.7909961364852,14863700,37.0671463012695
2019-06-20,42.2753609571592,42.4012968452493,41.9556820971277,42.3141110297116,18166000,37.5311393737793
2019-06-21,42.0719286193746,42.4109825156823,41.9266176950083,42.1978645074647,24679500,37.4280319213867
2019-06-24,42.1881751416215,42.4884826607871,42.0719286193746,42.2366108846068,12693300,37.4623985290527
2019-06-25,42.1591144349123,42.1978645074647,41.3550670587966,41.4131921676252,19622200,36.7320518493652
2019-06-26,41.3260063520874,41.5100636535958,40.6285198277856,40.7932057884281,17737600,36.1821517944336
2019-06-27,40.9675774195036,40.9966381262127,40.1150943004025,40.6866449366142,19009300,36.0876426696777
2019-06-28,40.8513272018464,40.9869524557798,40.5510233780911,40.9578880536603,49937900,36.3282279968262
2019-07-01,41.3163206816545,41.6553745779622,41.0160131624889,41.3744420950728,19530300,36.6976928710938
2019-07-02,41.4425888306493,41.7541137513353,41.3355014428503,41.7541137513353,14996100,37.0344429016113
2019-07-03,41.8612011391342,42.1921968315718,41.8125260665901,42.1727260598202,8404300,37.4057350158691
2019-07-05,42.0072300704364,42.2019303606127,41.7346429795836,42.133784516317,11608800,37.3711929321289
2019-07-08,42.0364343712288,42.0753759147321,41.4425888306493,41.5010011459041,14804500,36.8099327087402
2019-07-09,41.4328553016085,41.9974928277256,41.2381512977622,41.8417303673826,15865000,37.1121559143066
2019-07-10,42.8736589881987,42.9710091332868,42.1045802155245,42.6302799118084,22178400,37.8115768432617
2019-07-11,42.64975068356,42.961275604246,42.5913383683052,42.912600531702,15189100,38.0619773864746
2019-07-12,42.9028632889912,43.8179672792975,42.7957759011922,43.4577672860675,18076700,38.5455207824707
2019-07-15,43.6816755907062,43.6816755907062,43.3020048257245,43.535650373074,15964900,38.6146087646484
2019-07-16,43.6427377608729,44.0613463556879,43.584325445618,43.895850366304,17468500,38.9340934753418
2019-07-17,43.8374380510492,43.8569088228008,43.1754466661739,43.2533297531804,16688200,38.3641967773438
2019-07-18,43.0780965210858,43.3993586844826,42.9223340607428,43.379887912731,12460900,38.476448059082
2019-07-19,43.5648546738664,43.5745882029072,42.8541882164471,42.8931297599503,18372000,38.0447082519531
2019-07-22,42.9418048324944,42.9710091332868,42.4842509805062,42.6886885133933,17162800,37.8633804321289
2019-07-23,42.8444509737363,43.2435925104696,42.7860423721514,43.1462423653815,16611000,38.2692070007324
2019-07-24,43.1365088363407,43.691412833417,43.0586257493342,43.6816755907062,17642400,38.7441101074219
2019-07-25,43.1365088363407,44.1002878991911,42.64975068356,43.428562985275,25659200,38.5196266174316
2019-07-26,42.8541882164471,43.8861168372632,42.8541882164471,43.4480337570267,17000300,38.5368881225586
2019-07-29,43.5161796013223,43.5259131303632,42.9515383615352,43.0586257493342,9840700,38.1914978027344
2019-07-30,42.8736589881987,43.0878300501266,42.5621340675127,42.912600531702,10335700,38.0619773864746
2019-07-31,42.6400134408492,42.7373672996073,41.5691469901998,42.026697128518,18509200,37.2762145996094
2019-08-01,42.0461679002697,42.6789549843525,41.6470263635363,41.7443802222945,17420900,37.0258140563965
2019-08-02,41.6178220627439,41.7833180521277,41.0823888374192,41.5204719176558,20839500,36.8272094726562
2019-08-05,41.0239765221643,41.0823888374192,40.0407266875622,40.5080140685913,23618700,35.9291915893555
2019-08-06,40.5858934419278,41.0726515947084,40.2062226769461,40.9558306778686,18433400,36.3263893127441
2019-08-07,40.2062226769461,40.7319223732299,39.6415851508289,40.624834985431,22674700,36.0328140258789
2019-08-08,40.8584805327805,41.7443802222945,40.7903346884848,41.5302054466966,14085300,36.8358459472656
2019-08-09,41.5010011459041,42.0072300704364,41.2576220695138,41.7930552948385,15782200,37.0689811706543
2019-08-12,41.5983512909923,41.6372928344955,41.0823888374192,41.3355014428503,15941500,36.6631469726562
2019-08-13,41.4133845298568,42.8736589881987,41.3355014428503,42.3090177484116,21465800,37.5266304016113
2019-08-14,42.338225762874,42.338225762874,41.0726515947084,41.247884826803,18319400,36.5854301452637
2019-08-15,41.3257679138095,41.7443802222945,40.936359906117,41.2284140550514,14375400,36.5681533813477
2019-08-16,41.6470263635363,42.1727260598202,41.3841765153944,42.0364343712288,14052100,37.2848472595215
2019-08-19,42.4745174514654,42.9710091332868,42.4550466797138,42.8347174446955,13908500,37.9929008483887
2019-08-20,42.7178965278557,43.2825340539729,42.5329260530503,42.7763051294406,15758100,37.9410858154297
2019-08-21,42.601071897346,42.9904799050385,42.3284885201632,42.9418048324944,11329400,38.0878868103027
2019-08-22,43.0586257493342,43.2338589814288,42.4647802087546,42.6108091400568,9960500,37.7943000793457
2019-08-23,42.3479592919148,42.6789549843525,41.1505346817149,41.3062971420579,18196700,36.6372413635254
2019-08-26,41.6080885337031,42.3576928209557,41.4231180588976,42.2019303606127,13009600,37.4316368103027
2019-08-27,42.7373672996073,42.756834357689,42.2700762049083,42.445309437003,12508000,37.6475028991699
2019-08-28,42.2506091468267,42.7373672996073,42.0656386720213,42.6108091400568,11761100,37.7943000793457
2019-08-29,42.9807463759977,43.3214755974761,42.7860423721514,43.0002134340793,11339500,38.1396827697754
2019-08-30,43.3117420684353,43.4675045287783,42.8639217454879,43.0878300501266,15484500,38.2174034118652
2019-09-03,42.7276300568965,42.912600531702,42.3771635927073,42.7178965278557,12712000,37.8892822265625
2019-09-04,43.1462423653815,44.4994294359244,43.0488922202933,44.314462674789,26196000,39.3053894042969
2019-09-05,45.2003623643029,45.3853291254384,44.7720165267772,45.1808915925513,22075600,40.0738677978516
2019-09-06,45.2003623643029,45.3755955963976,44.9764540596642,45.1224792772964,13101800,40.0220680236816
2019-09-09,45.4145371399008,45.4534749697341,44.9180417444094,45.1906251215921,16383100,40.0825080871582
2019-09-10,44.9667168169534,45.3366540528943,44.7914835848588,45.2198331360546,17566700,40.1084136962891
2019-09-11,45.0543334330007,45.3366540528943,44.8693666718653,45.1711580635105,12874400,40.065242767334
2019-09-12,45.5508288284922,46.0181162095212,45.2685082085986,45.7260620605868,18660000,40.557430267334
2019-09-13,45.716324817876,45.9110288217223,45.5508288284922,45.6384454445395,11732700,40.4797096252441
2019-09-16,45.0056583604567,45.3853291254384,44.5773125229309,45.0445999039599,13581700,39.9529876708984
2019-09-17,44.8985709726577,45.4729457414857,44.6649291389782,45.4340041979824,9894800,40.2983741760254
2019-09-18,45.7357955896276,45.8039414339233,45.2295666650954,45.6968540461244,12996900,40.5315170288086
2019-09-19,45.7942079048825,45.9110288217223,45.3366540528943,45.4437414406932,10501200,40.307014465332
2019-09-20,45.4340041979824,45.5800331292846,44.9569832879126,45.1322165200072,27252500,40.030704498291
2019-09-23,44.9472460452018,45.2782417376394,44.937512516161,44.9959248314159,13438500,39.9098129272461
2019-09-24,45.3853291254384,45.4145371399008,44.2463168304933,44.4994294359244,20731100,39.4694442749023
2019-09-25,44.5773125229309,44.7622792840664,44.1197586709427,44.6162540664342,22128500,39.573055267334
2019-09-26,44.4118128198771,44.5870460519717,43.0780965210858,43.7108836051686,22216300,38.7700233459473
2019-09-27,43.9639962105997,44.1002878991911,43.1559796080923,43.6232669891213,15005300,38.6923065185547
2019-09-30,43.8082337502567,44.0224085258546,43.584325445618,43.8861168372632,13892900,38.9254531860352
2019-10-01,44.1893178334628,44.7076950878121,43.5046663064982,43.5437901037078,15177800,38.6218299865723
2019-10-02,43.4166396283021,43.6513786805087,43.0058509507537,43.0840948141222,17195700,38.2140884399414
2019-10-03,43.1036567127269,43.2014624747002,42.653744237969,43.0938776289499,11345000,38.2227668762207
2019-10-04,43.3579576635384,44.0328263756752,43.3188338663288,43.7296225438772,14900200,38.7866554260254
2019-10-07,43.4166396283021,43.9741406798609,43.3579576635384,43.6122548832992,12190800,38.6825523376465
2019-10-08,43.7687463410867,43.7687463410867,42.6830852203509,43.1427805099365,14241800,38.2661437988281
2019-10-09,43.5144491213259,43.5437901037078,43.0840948141222,43.406860544525,10439800,38.5003776550293
2019-10-10,43.4264224431298,43.8567730192829,43.3286129501059,43.524228205103,9366400,38.6044769287109
2019-10-11,43.8567730192829,44.932651325191,43.6513786805087,44.5512036300245,22961800,39.5153656005859
2019-10-14,44.3751502736322,44.5414245462474,44.0719501728848,44.2382207144494,10105100,39.2377510070801
2019-10-15,44.3164683088685,44.815283664613,44.1110702390437,44.6685712906025,9026200,39.6194686889648
2019-10-16,44.5609864448522,44.805504580836,44.3164683088685,44.6001065110111,15002300,39.5587463378906
2019-10-17,44.8250664794407,44.9522132237958,44.5120798328149,44.9228722414139,9121100,39.8450164794922
2019-10-18,45.0500227168197,45.0891427829786,44.4240531546188,44.5707655286293,13553900,39.5327110290527
2019-10-21,44.8837484442044,45.2065141746072,44.8055045808359,45.0695846154244,10646900,39.9751510620117
2019-10-22,44.8837484442044,45.040239901992,44.697916004035,44.7663807836264,11926900,39.7062225341797
2019-10-23,45.0011161047824,45.1771694611747,44.4729597666561,44.7174779026398,23358700,39.662841796875
2019-10-24,46.1748039037144,46.2041486171469,43.524228205103,43.8567730192829,18968800,38.8994331359863
2019-10-25,44.1893178334628,44.7761598674035,43.9447996974791,44.6490131230484,15256800,39.6021118164062
2019-10-28,44.394712172237,45.040239901992,43.5731310860896,44.4436150532236,14824000,39.4199333190918
2019-10-29,44.1990969172398,44.6490131230484,44.1306321376484,44.3555883750274,12664500,39.3418655395508
2019-10-30,44.3555883750274,44.4338359694465,43.4851044078934,43.7100606452724,14443100,38.7693023681641
2019-10-31,43.7687463410867,43.8665521030599,42.9276033563346,43.8372111206781,23563100,38.8820762634277
2019-11-01,44.1990969172398,44.2186588158446,43.5340072888801,43.7687463410867,16314100,38.8213653564453
2019-11-04,44.1208530538714,44.2284416306723,42.7906737971518,42.9276033563346,20926400,38.0752944946289
2019-11-05,42.996068135926,43.5046663064982,42.7124262027327,43.3090510515011,15991300,38.4136199951172
2019-11-06,43.3481748487107,43.3775158310925,42.5754966435499,43.2503690867374,19927400,38.3615646362305
2019-11-07,43.5046663064982,44.0230435608475,43.299271967724,43.7198434601001,15632600,38.7779769897461
2019-11-08,43.7002815614953,44.2088797320676,43.4557634255116,44.1990969172398,13741700,39.2030601501465
2019-11-11,43.8958968164924,44.6001065110111,43.8958968164924,44.2577826130542,11169500,39.2551040649414
2019-11-12,44.1893178334628,44.3164683088685,43.9643615960838,44.2382207144494,12175300,39.2377510070801
2019-11-13,44.0621673580571,44.5609864448522,43.9839234946886,44.2088797320676,11379200,39.2117462158203
2019-11-14,44.1501940362532,44.5707655286293,44.05238827428,44.4533978680513,11363900,39.4286079406738
2019-11-15,44.6587922068255,44.6685712906025,43.4557634255116,43.5829139009173,23178600,38.6565322875977
2019-11-18,43.3383957649336,43.641595865681,43.1134395275547,43.6318167819039,16260100,38.6999092102051
2019-11-19,43.7785254248638,43.9252377988743,43.6122548832992,43.8274320369011,16469200,38.8733978271484
2019-11-20,43.4166396283021,43.6513786805087,42.9178242725575,43.2503690867374,15240200,38.3615646362305
2019-11-21,43.3188338663288,43.4753253241164,42.8200147795337,43.3872986459202,16252800,38.4830169677734
2019-11-22,43.5535691874848,43.9154587150972,43.3188338663288,43.8176492220733,14107400,38.8647232055664
2019-11-25,43.8469939355058,43.9154587150972,42.3309785075662,42.3994432871576,26194100,37.6068229675293
2019-11-26,42.5168146787863,42.888479559125,42.3016375251844,42.5950585421547,38656500,37.7803230285645
2019-11-27,42.888479559125,43.6024757995221,42.7026471189556,43.4459806106839,20426200,38.5350761413574
2019-11-29,43.6220339670762,43.6220339670762,43.0743157303451,43.181904307146,8479300,38.3008499145508
2019-12-02,43.4264224431298,43.4264224431298,42.6048413569824,42.6733061365738,16787400,37.8497314453125
2019-12-03,42.3994432871576,42.771111898547,42.1353669836198,42.6928680351786,21830800,37.8670845031738
2019-12-04,42.7417709161652,42.7808947133748,42.3994432871576,42.5559347449452,16872600,37.7456283569336
2019-12-05,42.5265937625633,43.1232186113317,42.3114166089614,43.0743157303451,22569100,38.2054138183594
2019-12-06,43.3872986459202,43.4459806106839,43.0449710169126,43.2699309853422,14667700,38.3789215087891
2019-12-09,43.2894891528963,44.1012911552666,42.7808947133748,42.9276033563346,21538800,38.0752944946289
2019-12-10,42.771111898547,42.8395766781384,41.7734774560074,41.8321631518217,30176400,37.1036758422852
2019-12-11,41.8517250504265,41.9104070151901,41.0888259290428,41.1475116248571,37611200,36.496410369873
2019-12-12,41.2648792854351,42.2527346441978,41.2453173868304,42.0668984729777,35992600,37.3118667602539
2019-12-13,41.9006279314131,42.8395766781384,41.7930393546121,42.6244032555872,28975900,37.8063621520996
2019-12-16,42.9276033563346,43.1134395275547,42.3701023047758,42.5754966435499,23558800,37.7629852294922
2019-12-17,42.9276033563346,42.9276033563346,42.3211994237891,42.4385670843672,18742500,37.641529083252
2019-12-18,42.4972527801815,42.9178242725575,42.1940489483834,42.24295182937,27054900,37.4680213928223
2019-12-19,42.3211994237891,42.6928680351786,42.0864603715825,42.6830852203509,20723200,37.8584136962891
2019-12-20,42.7808947133748,43.2210243733049,42.2820756265796,43.1232186113317,41414500,38.2487831115723
2019-12-23,43.1134395275547,43.2797100691193,42.9862890521489,43.1329976951088,22609300,38.2574653625488
2019-12-24,43.1329976951088,43.7198434601001,43.1329976951088,43.5535691874848,6504700,38.6304969787598
2019-12-26,43.7491844424819,44.0132644770704,43.5926929846944,43.9839234946886,12019600,39.0121994018555
2019-12-27,44.1110702390437,44.2284416306723,43.8763349178877,44.1110702390437,12272100,39.1249847412109
2019-12-30,44.1110702390437,44.3458092912503,43.9545787812561,44.1893178334628,12896900,39.194393157959
2019-12-31,44.1306321376484,44.1893178334628,43.7883082396915,43.9839234946886,13881700,39.0121994018555
2020-01-02,44.3653711898551,44.4044949870647,43.9447996974791,44.3751502736322,20170500,39.3592109680176
2020-01-03,43.8469939355058,44.2284416306723,43.5926929846944,44.0230435608475,20496400,39.0469131469727
2020-01-06,43.6807196628905,43.8861140016647,43.5731310860896,43.6904987466676,17628200,38.7519454956055
2020-01-07,43.4841351588365,44.2309796726001,43.4546555888129,44.1523662363125,24563700,39.1616096496582
2020-01-08,44.1621915100958,44.7812887213079,43.9853065926067,44.6044038038187,18097400,39.5625534057617
2020-01-09,44.6044038038187,44.8205973137885,44.3980393163059,44.7223258325869,14195400,39.6671485900879
2020-01-10,44.8402516100289,44.8402516100289,44.1523662363125,44.2015001025765,15896200,39.2051887512207
2020-01-13,44.1425372138555,45.0760956675653,44.1228866662889,45.007307505061,21789300,39.9199142456055
2020-01-14,44.7812887213079,45.4200402287603,44.7125005588036,45.2333262888141,16711900,40.1203842163086
2020-01-15,45.2628096075115,45.7443267450413,45.2136719925738,45.4789993688075,15413500,40.3382835388184
2020-01-16,45.6362299900564,46.1079218538029,45.5084826875049,46.058787987539,24424400,40.8525390625
2020-01-17,46.8547701162402,46.9137330049612,46.2946357937491,46.6778851987511,27667100,41.4016456604004
2020-01-21,46.6582309025107,46.6582309025107,45.9801745512514,46.4813459850216,19141600,41.2273254394531
2020-01-22,46.6778851987511,46.8744244124805,46.451866414998,46.6189223100301,18251600,41.3493576049805
2020-01-23,45.734501471258,46.1668847425239,44.722325832587,44.8599059062692,37753000,39.7891654968262
2020-01-24,44.1228866662889,44.2801172875377,43.4448265663559,43.8182506975745,39229300,38.8652610778809
2020-01-27,43.1696739163388,43.9754813188234,43.0419228651136,43.2384620788431,24048800,38.3510093688965
2020-01-28,43.3072502413473,43.6511910538687,43.0517518875706,43.2777706713237,15875700,38.3858642578125
2020-01-29,43.4939604326198,43.4939604326198,42.4031751063349,42.5702310013671,21913200,37.7583122253418
2020-01-30,42.1280187076442,43.4251722701156,41.960962812612,43.3760384038516,25105100,38.4730339050293
2020-01-31,43.3563841076113,43.3760384038516,42.2557697588694,42.4424799501418,24008300,37.6449928283691
2020-02-03,42.8060788075772,42.8945212663218,41.8823456276507,41.9216542201314,26383600,37.183048248291
2020-02-04,42.7471159188562,43.7494625350703,42.629193890088,43.5136147288601,28143200,38.5950622558594
2020-02-05,43.8772135862955,44.3587307238253,43.7101539425896,43.8182506975745,20332100,38.8652610778809
2020-02-06,43.9853065926067,44.2801172875377,43.5234437513171,43.8280759713578,15222400,38.8739700317383
2020-02-07,43.7494625350703,44.0737490513512,43.5037894550768,43.9656560450401,14104200,38.9960098266602
2020-02-10,43.8673845638385,43.955827022583,43.4939604326198,43.8870388600788,15016100,38.92626953125
2020-02-11,44.0442694813276,44.0737490513512,43.5922319138214,44.014789911304,11075700,39.0395889282227
2020-02-12,44.2015001025765,45.341423043799,44.1327119400722,45.2235010150308,23638000,40.1116714477539
2020-02-13,45.1055789862626,45.5477875313118,44.8992107500761,45.2726348812948,17913100,40.1552543640137
2020-02-14,45.2824639037518,45.3807316362797,44.9581736387971,45.2922891775351,15930600,40.1726760864258
2020-02-18,45.341423043799,45.5870961237924,45.017136527518,45.351252066256,13694500,40.2249755859375
2020-02-19,45.4200402287603,45.4593450725672,45.066270393782,45.1743671487669,14814400,40.0680809020996
2020-02-20,45.007307505061,45.351252066256,44.7125005588036,45.2235010150308,12037800,40.1116714477539
2020-02-21,44.9679989125804,45.6165756938161,44.8697311800525,45.0269618013013,21235400,39.9373550415039
2020-02-24,44.339076427585,45.2136719925738,43.7003286688063,43.8280759713578,21720800,38.8739700317383
2020-02-25,43.9754813188234,44.1130576438319,42.285249328893,42.4228256539015,22440600,37.6275672912598
2020-02-26,43.4153469963322,43.4153469963322,41.4597876301681,41.4892709488655,30526000,36.7995414733887
2020-02-27,41.1355011138871,41.8626913314104,40.2805598451387,40.3395189851859,36098100,35.7797431945801
2020-02-28,39.3076927989483,40.2707308226816,38.2955209089509,39.7302507964308,62186700,35.2393379211426
2020-03-02,39.6418083376863,41.7939031689061,38.7180789064335,41.7840778951228,40006900,37.0610122680664
2020-03-03,41.3418656013999,42.6979820525923,40.3886528514498,40.7227683901879,43253400,36.1196708679199
2020-03-04,41.243597868872,41.8233864876035,40.7817312789088,41.7644235988825,24996900,37.043586730957
2020-03-05,40.7031140939475,41.0568839289259,39.7204217739738,40.0643663351689,25284600,35.5356903076172
2020-03-06,38.23655802023,39.897306691463,38.1579445839424,39.6712879077099,31302100,35.1870574951172
2020-03-09,37.509364054033,38.2169037239897,36.5070211864927,37.2243861302326,46926200,33.0167274475098
2020-03-10,37.9712306439962,38.4724058264401,36.0353255740724,38.4232682115024,48724300,34.0800971984863
2020-03-11,37.1457689452714,37.8238290452044,36.7330399702458,37.2538657002563,38865100,33.0428810119629
2020-03-12,34.9641945440279,37.1949028115353,33.8439221503719,34.3352683103588,63254500,30.4541873931885
2020-03-13,35.6029423028065,39.0325401489312,33.8832307428525,38.6492907439292,66243400,34.280574798584
2020-03-16,34.0404613641014,38.3151752051912,33.9028850390929,35.4162321115341,41485700,31.4129638671875
2020-03-17,35.9468868640016,37.6862489715222,35.5832880065662,37.5585016689706,38934900,33.3130760192871
2020-03-18,35.6029423028065,36.1139427590337,32.6941739353661,35.0624622765557,42533400,31.0991821289062
2020-03-19,35.0231536840751,38.6296364476889,34.0011527716208,35.3179606303325,36830400,31.3258037567139
2020-03-20,35.465365977798,35.465365977798,32.075076724154,32.7924416678939,47309000,29.0857543945312
2020-03-23,32.5959024541645,34.069940934125,31.1611725666845,33.5785947741382,38600900,29.7830486297607
2020-03-24,34.7578263078414,34.7578263078414,32.9496722891428,34.0404613641014,46492800,30.1927013397217
2020-03-25,33.1953453691362,33.9618479278138,31.2299626035257,32.9889808816234,57834100,29.2600727081299
2020-03-26,32.6155567504048,36.6642518077415,32.4878094478533,36.1041174852504,38329500,32.0230903625488
2020-03-27,34.9740198178112,35.1705590315406,33.8144425803483,33.9716732015971,27910400,30.1316814422607
2020-03-30,34.138732845303,35.0133284102918,33.9520189053568,34.8757520852833,31400200,30.9335746765137
2020-03-31,34.4504382066338,35.3900824627742,33.8767570068049,34.0053413745469,27786300,30.1615447998047
2020-04-01,32.7986352460282,33.3920951733933,31.7007309845893,32.0666978140269,26097200,28.442045211792
2020-04-02,31.750185349682,34.0943607409643,31.7106241214835,33.9954482376527,24683900,30.1527767181396
2020-04-03,33.7283901384005,34.2625063369048,33.045910844618,33.5800270431223,19312300,29.7843132019043
2020-04-06,34.9845506320119,36.0033286639278,34.7076031689917,35.8351792948611,31583200,31.7845573425293
2020-04-07,36.5473342262001,37.5562191212217,36.3297304920407,36.5374410893059,26379000,32.4074325561523
2020-04-08,36.8242816892204,37.4968716192348,36.3594023564711,37.2693785213073,26522500,33.056640625
2020-04-09,37.0814504247044,37.6353453507449,36.3989673577958,37.5858909856521,28615800,33.3373794555664
2020-04-13,37.0418854233798,37.4770891185724,36.1813673967626,36.7847166878957,20237400,32.6267623901367
2020-04-14,37.1506872904595,38.2189159143419,36.8242816892204,38.1002246834941,21803300,33.7935600280762
2020-04-15,37.3682872514927,37.6353453507449,36.3495129927031,36.7550448234653,19786300,32.6004409790039
2020-04-16,37.1210116529029,37.6056734863145,36.2604936262857,37.4177453897116,20973800,33.1882362365723
2020-04-17,38.1298965479245,38.2881527800969,37.2693785213073,37.6650209883014,28736600,33.4075508117676
2020-04-20,37.2693785213073,37.8034947198116,36.7154798221406,36.804499188558,18444500,32.6443061828613
2020-04-21,36.3495129927031,36.3890779940277,35.1428068641844,35.3208455970191,23004500,31.3283596038818
2020-04-22,35.8351792948611,35.9538705257089,35.2911737325887,35.3406280976815,20117300,31.3459091186523
2020-04-23,35.4395406009931,36.1220198947756,35.4098649634365,35.696705563351,21194200,31.6617393493652
2020-04-24,35.756053065338,36.8143923254523,35.756053065338,36.7550448234653,19188000,32.6004409790039
2020-04-27,37.1605766542276,37.9320753144274,36.9924310582871,37.7936015829173,21775600,33.521614074707
2020-04-28,38.2090265505738,38.6442302457665,37.4968716192348,37.6650209883014,15958700,33.4075508117676
2020-04-29,38.3969546471766,38.6936846108592,37.9320753144274,38.5749933800114,19110200,34.2146759033203
2020-04-30,36.1121267578813,37.6155628500825,35.6175755607017,37.2199241562145,33212500,33.0127830505371
2020-05-01,36.735262322803,37.1012291522406,36.3791848571334,36.5770060906305,19951600,32.4425239562988
2020-05-04,36.7451554596972,36.79460982479,35.5285561942843,35.825289931093,24906000,31.7757797241211
2020-05-05,35.9934355270335,36.0923480303452,35.5977968331655,35.6571405620263,18784100,31.6266460418701
2020-05-06,35.825289931093,35.8648511592915,34.7174925327598,34.7570575340844,20151900,30.8283023834229
2020-05-07,35.1922650024033,35.4889949660858,34.9845506320119,35.1922650024033,17462400,31.2143058776855
2020-05-08,35.8549617955234,36.2506042625176,35.6076861969336,36.1319092585436,12979000,32.0477409362793
2020-05-11,35.8648511592915,35.9044161606161,35.1527000010786,35.765942429106,21758100,31.7231426239014
2020-05-12,35.6769230626887,35.8351792948611,34.9548787675815,34.9647681313496,17133000,31.0125293731689
2020-05-13,34.7867293985148,34.9153137662569,34.0449026027454,34.5889119381439,30898300,30.6791591644287
2020-05-14,34.4009800684149,35.4494299647612,33.7976270041556,35.3702999621119,24334900,31.3722229003906
2020-05-15,34.9252069031511,35.5879036962713,34.47021693417,35.5285561942843,31571600,31.5125923156738
2020-05-18,36.5374410893059,37.9320753144274,36.4286429953524,37.6749103520695,24827400,33.4163360595703
2020-05-19,37.4177453897116,38.2386984150042,36.923194192532,37.7936015829173,27763200,33.521614074707
2020-05-20,38.1892440499115,38.8123796148332,38.0804421828318,38.7431389759519,23123500,34.3638229370117
2020-05-21,38.416737147839,38.7629214766142,38.1397896848188,38.5255390149187,20744200,34.1708068847656
2020-05-22,38.2485877787723,38.5749933800114,38.0507703184014,38.3178284176535,12383000,33.9865760803223
2020-05-26,39.0200902120983,39.6926801421127,38.9706358470056,39.0893270778534,21584900,34.6708679199219
2020-05-27,39.1981289449331,40.0289751071199,39.1882358080388,39.4948589086156,20654900,35.0305633544922
2020-05-28,39.5344239099403,39.6926801421127,39.010197075204,39.1189989422838,18254000,34.6971893310547
2020-05-29,39.128892079178,39.3860570415359,38.3771721465143,39.1684533073765,20298700,34.7410469055176
2020-06-01,39.1091095785157,39.8311538736228,38.9706358470056,39.7421345072054,13350600,35.249885559082
2020-06-02,39.6926801421127,40.3850525727894,39.6827870052184,40.3355944345705,19060100,35.7762641906738
2020-06-03,40.7015650371343,41.1268793685589,40.5433088049619,40.8499281324125,17141900,36.2324676513672
2020-06-04,40.5235263042995,40.9290581350618,40.3949419365575,40.8400387686444,12756500,36.223690032959
2020-06-05,41.6708849308312,42.6303116876339,41.5324111993211,41.6313199295066,20271600,36.9255294799805
2020-06-08,41.4730636973341,42.7094416902832,41.4433918329038,42.6500941882962,17212000,37.8291549682617
2020-06-09,42.2049973562093,42.4226010903688,41.4236093322414,41.6906674314936,14413900,36.9781684875488
2020-06-10,41.6412092932746,41.660991793937,40.681782536472,40.9092756343995,15634600,36.2851028442383
2020-06-11,40.4641788023126,40.8202562679821,38.7629214766142,38.8222689786012,22805900,34.434009552002
2020-06-12,39.1585639436084,39.5344239099403,38.1002246834941,39.0299795758664,18507300,34.6182289123535
2020-06-15,38.8618339799259,39.6531151407881,38.1200071841564,39.3959501784302,16585500,34.9428329467773
2020-06-16,40.098211972875,40.6026525338227,38.7134671115215,39.3168201757809,21212400,34.8726463317871
2020-06-17,39.3464920402112,39.455293907291,38.6936846108592,38.7925971141708,18935700,34.4076881408691
2020-06-18,38.7629214766142,39.1684533073765,38.5255390149187,39.010197075204,17008200,34.6006851196289
2020-06-19,39.4157289059663,40.0190819702256,38.4464090122694,38.6739021101968,35341300,34.3023986816406
2020-06-22,38.3771721465143,38.6244477451041,37.902403449997,38.0210946808448,20800700,33.7233848571777
2020-06-23,38.5057565142563,39.2179114455954,38.2683702794346,38.7728146135085,24917900,34.39013671875
2020-06-24,39.0497620765287,39.0497620765287,37.7144753533942,38.1397896848188,20958900,33.8286514282227
2020-06-25,37.9419684513217,38.3178284176535,37.3583978877246,38.1496790485868,18159200,33.8374366760254
2020-06-26,37.8826209493347,38.3178284176535,37.6155628500825,38.2288090512361,50945600,33.9076194763184
2020-06-29,38.4464090122694,38.6046652444418,37.9716403157521,38.5156458780244,20573800,34.1620330810547
2020-06-30,38.3067015993332,38.9335395973475,37.928608416899,38.7842911897816,22169400,34.4003143310547
2020-07-01,39.411129187796,40.0081152269703,39.2021844536394,39.5006774732266,18269800,35.0357246398926
2020-07-02,39.8389705742373,40.0777634716891,38.9733358832264,39.0529360460735,23372800,34.6385879516602
2020-07-06,39.6001738812407,40.1673117571198,39.4509292692195,40.1275154712409,17551400,35.5917053222656
2020-07-07,39.8389705742373,40.147411716408,39.7991704928137,39.8688187375326,19404700,35.3622512817383
2020-07-08,39.9285188596679,40.0379671858103,39.3215809023653,39.5404775546501,12536000,35.0710220336914
2020-07-09,39.5006774732266,39.5205775139383,38.8340393937887,39.092736127497,15335200,34.6738929748535
2020-07-10,39.0330360053617,40.3364602053974,38.9434877199311,40.3066082465575,19032700,35.7505569458008
2020-07-13,40.2668119606786,40.8936461631482,39.978267063675,40.3364602053974,17464700,35.7770347595215
2020-07-14,39.7494222888067,41.0826946521377,39.6300258400807,40.9732463259953,21030600,36.3418350219727
2020-07-15,40.9035980812765,41.8687291803015,40.8438979591412,41.7493289360309,21068800,37.0301933288574
2020-07-16,41.5005841204508,41.9682255883157,41.4508359164437,41.9284255068921,14817900,37.1890487670898
2020-07-17,42.2667186079028,42.2667186079028,41.6896326094403,41.9682255883157,15912900,37.2243499755859
2020-07-20,41.7791808948709,41.8985773435968,41.5503323244579,41.7393808134473,12964100,37.0213737487793
2020-07-21,41.9284255068921,42.5552635049064,41.8488291395897,42.3562668933334,23363500,37.5685386657715
2020-07-22,42.3065186893264,42.5453115867782,42.197070363184,42.3562668933334,16360500,37.5685386657715
2020-07-23,42.5453115867782,42.7443081983512,42.1274221184651,42.276670526031,22357200,37.4979286193848
2020-07-24,43.2119496662161,43.6795911340809,42.4955633827711,43.132349503369,21926100,38.2568893432617
2020-07-27,42.9831048913478,43.4208944003726,42.9333566873407,43.3412980330702,18268600,38.442211151123
2020-07-28,42.6448117903371,43.3512461556538,42.5851116682018,42.9930530139313,17574600,38.1333427429199
2020-07-29,43.1124532582019,43.8885358682375,43.0428012179384,43.679591134081,25499900,38.7422828674316
2020-07-30,44.2566771325435,44.9730634159885,42.9035047285007,43.450742563668,17658600,38.5392990112305
2020-07-31,43.3213979923585,43.4208944003726,41.7493289360309,42.5851116682018,23913000,37.7715034484863
2020-08-03,42.4756633420594,42.9234047692125,42.197070363184,42.6647118310488,13733000,37.8421096801758
2020-08-04,42.4060150973405,43.0229049727713,42.3264187300381,42.9930530139313,12102500,38.1333427429199
2020-08-05,43.0726531767784,43.2517497476396,42.0378738330345,42.077673914458,16207600,37.3214225769043
2020-08-06,41.828929098878,42.6746599536324,41.8090290581662,42.6547599129206,13772200,37.8332824707031
2020-08-07,42.3761669340452,42.7045081169277,42.2567704853193,42.59506358633,10353000,37.7803268432617
2020-08-10,42.3463187707499,43.0030049320595,42.3463187707499,42.8040083204865,16375000,37.9656639099121
2020-08-11,43.0328530953549,43.7790875420951,42.7045081169277,42.7741601571912,17140700,37.9391860961914
2020-08-12,42.7940564023583,43.5104426858033,42.7542601164795,43.1224013807855,10407500,38.2480659484863
2020-08-13,42.8836046877889,43.2119496662161,42.7741601571912,43.1721495847926,12649500,38.2921943664551
2020-08-14,43.4009943596609,43.9581841129564,42.9831048913478,43.5502427672268,15238000,38.6275482177734
2020-08-17,43.649739175241,43.729339338088,43.0826012993619,43.3114460742303,12333300,38.4157524108887
2020-08-18,43.4905426450915,43.5203946039315,43.0627012586502,43.3213979923585,8717300,38.4245643615723
2020-08-19,43.4407944410844,43.5402908490986,42.9433048099242,43.1025013400737,9857900,38.2304191589355
2020-08-20,43.0129530546431,43.2218977887996,42.6846118717606,43.0527531360666,11318700,38.1862907409668
2020-08-21,42.8239083611983,43.0129530546431,42.5055153008994,42.8537565244936,12931400,38.0097846984863
2020-08-24,42.6448117903371,43.5999909712339,42.6348598722088,43.5800909305221,15266700,38.6540184020996
2020-08-25,43.5502427672268,43.5601908898103,42.963204850636,43.1920496255043,8413000,38.3098373413086
2020-08-26,42.8040083204865,44.1372806838176,42.6945599943441,43.9780841536681,14428200,39.0070304870605
2020-08-27,44.3362772953906,44.5750701928425,44.0178842350916,44.3163772546788,14317500,39.3070831298828
2020-08-28,44.3064253365506,44.3462254179741,43.7094392973763,44.3362772953906,10975100,39.3247337341309
2020-08-31,44.0377804802588,44.9034151712696,44.0278323576752,44.5850221109707,24898100,39.545352935791
2020-09-01,44.21687705112,44.8636150898461,44.0178842350917,44.8238150084225,16941900,39.7571563720703
2020-09-02,44.8238150084225,45.6993978220169,44.784014926999,44.9432114571485,20421100,39.8630561828613
2020-09-03,45.381004761718,45.7093459446005,43.8686358275257,44.21687705112,18515100,39.2188301086426
2020-09-04,44.6845185189848,44.7442186411201,43.679591134081,44.2069289285364,16201700,39.2099990844727
2020-09-08,43.5900428486503,44.0377804802587,42.9035047285007,43.5900428486503,20897600,38.6628456115723
2020-09-09,43.7691394195116,44.7641186818319,43.4905426450915,44.3760735812695,15420900,39.3600273132324
2020-09-10,44.4258255808212,44.784014926999,43.6397910526574,43.7989875828069,16023600,38.8481750488281
2020-09-11,43.8686358275257,44.5153738662518,43.7492393787998,44.4457218259883,18316200,39.4217948913574
2020-09-14,44.7939668451272,45.2616083129921,44.4855219074118,45.0427116607073,11435700,39.9513168334961
2020-09-15,44.9332633345649,46.5053323908925,44.8238150084225,46.2267356164724,18415900,41.0014991760254
2020-09-16,46.8137735330632,47.2615149602163,46.465532309469,46.5749806356114,26326900,41.3103828430176
2020-09-17,45.7093459446005,46.1968874531771,44.7939668451272,45.3511565984227,21253500,40.2249031066895
2020-09-18,45.2516563948639,45.6197976591699,44.0676324390987,45.0327597425791,39626000,39.9424819946289
2020-09-21,44.6944666415684,45.2118563134403,43.1920496255043,44.4556737441165,32257700,39.4306335449219
2020-09-22,44.7143666822802,46.2466356571842,44.614870274266,45.9580907601806,32899300,40.7632179260254
2020-09-23,45.9680426783088,46.14713924917,45.0228116199955,45.1322599461379,19671200,40.0307388305664
2020-09-24,44.9631114978602,45.8486462295829,44.6845185189848,45.4705530471486,14500600,40.3307991027832
2020-09-25,45.1223080280097,46.097391045163,44.9929634567002,45.9182944743017,12556000,40.7279319763184
2020-09-28,46.6545770029138,46.833673573775,46.0078427597323,46.5252286360596,16208800,41.2662582397461
2020-09-29,46.6147769214902,46.634676962202,45.9381907194688,45.9680426783088,11873800,40.772045135498
2020-09-30,46.3063357793195,46.4854323501807,45.5203012511557,46.0277390048994,27897300,40.8250007629395
2020-10-01,46.3361839426148,46.5351805541878,45.9381907194688,46.2068355757607,15524400,40.9838562011719
2020-10-02,45.5700494551628,45.7590979441523,44.8835151305578,44.9233152119814,18103900,39.8454132080078
2020-10-05,45.0725598240026,45.699397822017,44.7939668451272,45.580001373291,12599400,40.4278793334961
2020-10-06,45.2799987792969,45.5200004577637,44.3699989318848,44.5099983215332,17911200,39.4788131713867
2020-10-07,45.0299987792969,45.1100006103516,44.2599983215332,44.9599990844727,17829200,39.8779525756836
2020-10-08,45.0900001525879,45.3899993896484,44.8300018310547,45.2999992370605,15366000,40.1795234680176
2020-10-09,45.3800010681152,45.6300010681152,44.6800003051758,44.8499984741211,25103900,39.7803802490234
2020-10-12,45.2999992370605,46.2599983215332,44.9199981689453,45.9900016784668,19520100,40.7915267944336
2020-10-13,46.1300010681152,46.310001373291,45.3800010681152,45.8899993896484,13854400,40.7028388977051
2020-10-14,45.7999992370605,46.0099983215332,44.9900016784668,45.2799987792969,15325000,40.1617774963379
2020-10-15,45.0299987792969,45.1500015258789,44.5299987792969,45.1100006103516,12904800,40.0110015869141
2020-10-16,45.2299995422363,45.8899993896484,44.9000015258789,45.560001373291,13360900,40.4101371765137
2020-10-19,45.560001373291,45.7599983215332,44.2000007629395,44.3300018310547,17520400,39.3191566467285
2020-10-20,44.6300010681152,44.6599998474121,44.1300010681152,44.2700004577637,13137400,39.2659530639648
2020-10-21,44,44.9000015258789,43.9700012207031,44.5200004577637,13198900,39.4876861572266
2020-10-22,44.5,45.2400016784668,44.3600006103516,45.1100006103516,15956600,40.0110015869141
2020-10-23,45.4000015258789,45.5499992370605,44.5999984741211,45.060001373291,10529200,39.9666481018066
2020-10-26,44.7099990844727,44.8199996948242,43.5499992370605,43.7700004577637,15634600,38.8224639892578
2020-10-27,43.5999984741211,43.8400001525879,43.3600006103516,43.439998626709,11134900,38.5297660827637
2020-10-28,42.9099998474121,43.0800018310547,41.9099998474121,41.9799995422363,20256200,37.2347946166992
2020-10-29,42.0800018310547,43.689998626709,41.8899993896484,43.060001373291,20354400,38.1927146911621
2020-10-30,42.4700012207031,43.0499992370605,41.75,42.2400016784668,22001800,37.4654159545898
2020-11-02,42.75,42.9300003051758,40.9700012207031,41.4000015258789,24480400,36.7203598022461
2020-11-03,41.9500007629395,42.9799995422363,41.75,42.6199989318848,20761600,37.8024482727051
2020-11-04,44.2700004577637,44.6100006103516,43.4000015258789,43.7000007629395,23064100,38.7603797912598
2020-11-05,44.5800018310547,44.810001373291,44.2099990844727,44.3499984741211,18897400,39.3368988037109
2020-11-06,44.5699996948242,44.7000007629395,43.9500007629395,44.5299987792969,14129100,39.4965553283691
2020-11-09,47.5999984741211,48.2299995422363,46.7200012207031,47.1800003051758,37456800,41.8470153808594
2020-11-10,46.1699981689453,47.9599990844727,45.9500007629395,47.7700004577637,21103100,42.3703308105469
2020-11-11,47.7799987792969,47.9700012207031,47.1199989318848,47.6699981689453,11840000,42.2816276550293
2020-11-12,47.6300010681152,48.0900001525879,47.25,47.9799995422363,20020400,42.5565757751465
2020-11-13,47.810001373291,49.25,47.7299995422363,49,17032600,43.4612922668457
2020-11-16,49.4000015258789,49.75,49.25,49.5400009155273,19426600,43.9402503967285
2020-11-17,49.189998626709,49.9900016784668,48.9799995422363,49.7799987792969,19426000,44.1531219482422
2020-11-18,49.5999984741211,50.3800010681152,49.0400009155273,49.1399993896484,18279200,43.5854606628418
2020-11-19,49.2099990844727,49.7400016784668,49,49.4799995422363,13484500,43.887035369873
2020-11-20,49.2799987792969,49.6800003051758,49.0999984741211,49.1699981689453,19830000,43.6120834350586
2020-11-23,49.0900001525879,49.9799995422363,48.7900009155273,49.810001373291,14676800,44.1797370910645
2020-11-24,50,52.4900016784668,49.9199981689453,52.3400001525879,31754000,46.4237594604492
2020-11-25,52.1699981689453,52.2000007629395,50.7799987792969,51.7999992370605,19322100,45.9447975158691
2020-11-27,51.310001373291,52.2099990844727,51.310001373291,51.75,6243700,45.9004440307617
2020-11-30,51.1300010681152,51.4799995422363,49.8400001525879,50.2400016784668,34359800,44.5611343383789
2020-12-01,50.75,51.2700004577637,50.1100006103516,51.0200004577637,14369600,45.2529678344727
2020-12-02,50.9300003051758,51.3400001525879,50.810001373291,51.0499992370605,14438000,45.2795753479004
2020-12-03,50.7700004577637,51.7200012207031,50.6800003051758,51.5900001525879,14677200,45.7585372924805
2020-12-04,51.75,51.9099998474121,51.4900016784668,51.689998626709,12258100,45.8472366333008
2020-12-07,51.5800018310547,52.0200004577637,51.2400016784668,51.9300003051758,12195900,46.0600929260254
2020-12-08,51.2999992370605,51.7999992370605,51.2099990844727,51.4099998474121,13352400,45.598876953125
2020-12-09,51.6199989318848,52.3600006103516,51.1500015258789,51.2599983215332,17327400,45.4658241271973
2020-12-10,51.2799987792969,51.2799987792969,50.25,50.4799995422363,17304100,44.7739944458008
2020-12-11,50.5699996948242,51.1100006103516,50.1300010681152,50.9300003051758,19640200,45.1731338500977
2020-12-14,50.8499984741211,51.2700004577637,50.75,50.9900016784668,14005700,45.2263488769531
2020-12-15,51.3800010681152,52.0999984741211,51.2999992370605,51.5099983215332,18869000,45.6875686645508
2020-12-16,51.6800003051758,52.0699996948242,51.0099983215332,51.4300003051758,13129800,45.6166114807129
2020-12-17,51.5400009155273,51.8800010681152,51.0800018310547,51.3600006103516,13464900,45.5545234680176
2020-12-18,51.560001373291,51.5999984741211,50.4000015258789,50.9000015258789,31640400,45.1465263366699
2020-12-21,50.5200004577637,50.6500015258789,49.4799995422363,50.3699989318848,19672400,44.6764335632324
2020-12-22,50,50.310001373291,49.7999992370605,50.0200004577637,13739800,44.3659896850586
2020-12-23,50.1500015258789,50.2700004577637,49.6500015258789,50.0400009155273,12934200,44.3837356567383
2020-12-24,50.2000007629395,50.439998626709,50.0900001525879,50.3800010681152,3875300,44.6852989196777
2020-12-28,50.7799987792969,51.3600006103516,50.5299987792969,51.1100006103516,13510700,45.3327865600586
2020-12-29,51.1599998474121,51.7299995422363,51.0400009155273,51.5499992370605,11245200,45.7230567932129
2020-12-30,51.689998626709,51.9300003051758,51.189998626709,51.2099990844727,9954000,45.4214859008789
