date,value,cash,drawdown,long_exposure,short_exposure,net_exposure,net_exposure_pct,index_exposure,components_exposure,recovery_mode,return,cumulative_return
2022-12-15,1000000.0,1000000.0,0.0,0.0,0.0,0.0,0.0,0.0,0.0,False,,
2022-12-16,1000000.0,1000000.0,0.0,0.0,0.0,0.0,0.0,0.0,0.0,False,0.0,0.0
2022-12-19,1000000.0,1000000.0,0.0,0.0,0.0,0.0,0.0,0.0,0.0,False,0.0,0.0
2022-12-20,1000000.0,1000000.0,0.0,0.0,0.0,0.0,0.0,0.0,0.0,False,0.0,0.0
2022-12-21,1000000.0,1000000.0,0.0,0.0,0.0,0.0,0.0,0.0,0.0,False,0.0,0.0
2022-12-22,1000000.0,1000000.0,0.0,0.0,0.0,0.0,0.0,0.0,0.0,False,0.0,0.0
2022-12-23,1000000.0,1000000.0,0.0,0.0,0.0,0.0,0.0,0.0,0.0,False,0.0,0.0
2022-12-27,1000000.0,1000000.0,0.0,0.0,0.0,0.0,0.0,0.0,0.0,False,0.0,0.0
2022-12-28,1000000.0,1000000.0,0.0,0.0,0.0,0.0,0.0,0.0,0.0,False,0.0,0.0
2022-12-29,1000000.0,1000000.0,0.0,0.0,0.0,0.0,0.0,0.0,0.0,False,0.0,0.0
2022-12-30,1000000.0,1000000.0,0.0,0.0,0.0,0.0,0.0,0.0,0.0,False,0.0,0.0
2023-01-03,1000000.0,1000000.0,0.0,0.0,0.0,0.0,0.0,0.0,0.0,False,0.0,0.0
2023-01-04,1000000.0,1000000.0,0.0,0.0,0.0,0.0,0.0,0.0,0.0,False,0.0,0.0
2023-01-05,1000000.0,1000000.0,0.0,0.0,0.0,0.0,0.0,0.0,0.0,False,0.0,0.0
2023-01-06,1000000.0,1000000.0,0.0,0.0,0.0,0.0,0.0,0.0,0.0,False,0.0,0.0
2023-01-09,1000000.0,1000000.0,0.0,0.0,0.0,0.0,0.0,0.0,0.0,False,0.0,0.0
2023-01-10,1000000.0,1000000.0,0.0,0.0,0.0,0.0,0.0,0.0,0.0,False,0.0,0.0
2023-01-11,1000000.0,1000000.0,0.0,0.0,0.0,0.0,0.0,0.0,0.0,False,0.0,0.0
2023-01-12,1000000.0,1000000.0,0.0,0.0,0.0,0.0,0.0,0.0,0.0,False,0.0,0.0
2023-01-13,1000000.0,1000000.0,0.0,0.0,0.0,0.0,0.0,0.0,0.0,False,0.0,0.0
2023-01-17,1000000.0,1000000.0,0.0,0.0,0.0,0.0,0.0,0.0,0.0,False,0.0,0.0
2023-01-18,1000000.0,1000000.0,0.0,0.0,0.0,0.0,0.0,0.0,0.0,False,0.0,0.0
2023-01-19,1000000.0,1000000.0,0.0,0.0,0.0,0.0,0.0,0.0,0.0,False,0.0,0.0
2023-01-20,1000000.0,1000000.0,0.0,0.0,0.0,0.0,0.0,0.0,0.0,False,0.0,0.0
2023-01-23,1000000.0,1000000.0,0.0,0.0,0.0,0.0,0.0,0.0,0.0,False,0.0,0.0
2023-01-24,1000000.0,1000000.0,0.0,0.0,0.0,0.0,0.0,0.0,0.0,False,0.0,0.0
2023-01-25,1000000.0,1000000.0,0.0,0.0,0.0,0.0,0.0,0.0,0.0,False,0.0,0.0
2023-01-26,1000000.0,1000000.0,0.0,0.0,0.0,0.0,0.0,0.0,0.0,False,0.0,0.0
2023-01-27,1000000.0,1000000.0,0.0,0.0,0.0,0.0,0.0,0.0,0.0,False,0.0,0.0
2023-01-30,1000000.0,1000000.0,0.0,0.0,0.0,0.0,0.0,0.0,0.0,False,0.0,0.0
2023-01-31,1000000.0,1000000.0,0.0,0.0,0.0,0.0,0.0,0.0,0.0,False,0.0,0.0
2023-02-01,1000000.0,1000000.0,0.0,0.0,0.0,0.0,0.0,0.0,0.0,False,0.0,0.0
2023-02-02,1000000.0,1000000.0,0.0,0.0,0.0,0.0,0.0,0.0,0.0,False,0.0,0.0
2023-02-03,1000000.0,1000000.0,0.0,0.0,0.0,0.0,0.0,0.0,0.0,False,0.0,0.0
2023-02-06,1000000.0,1000000.0,0.0,0.0,0.0,0.0,0.0,0.0,0.0,False,0.0,0.0
2023-02-07,1000000.0,1000000.0,0.0,0.0,0.0,0.0,0.0,0.0,0.0,False,0.0,0.0
2023-02-08,1000000.0,1000000.0,0.0,0.0,0.0,0.0,0.0,0.0,0.0,False,0.0,0.0
2023-02-09,1000000.0,1000000.0,0.0,0.0,0.0,0.0,0.0,0.0,0.0,False,0.0,0.0
2023-02-10,1000000.0,1000000.0,0.0,0.0,0.0,0.0,0.0,0.0,0.0,False,0.0,0.0
2023-02-13,1000000.0,1000000.0,0.0,0.0,0.0,0.0,0.0,0.0,0.0,False,0.0,0.0
2023-02-14,1000000.0,1000000.0,0.0,0.0,0.0,0.0,0.0,0.0,0.0,False,0.0,0.0
2023-02-15,1000000.0,1000000.0,0.0,0.0,0.0,0.0,0.0,0.0,0.0,False,0.0,0.0
2023-02-16,1000000.0,1000000.0,0.0,0.0,0.0,0.0,0.0,0.0,0.0,False,0.0,0.0
2023-02-17,1000000.0,1127391.9279291453,0.0,58736.81821834442,-93064.3730737451,-34327.554855400675,-0.03432755485540068,58736.81821834442,-93064.3730737451,False,0.0,0.0
2023-02-21,1094355.4180640574,1276466.9883178102,0.0,110435.7524134868,-168435.5686763811,-57999.81626289431,-0.052999067127110736,110435.7524134868,-168435.5686763811,False,0.09435541806405734,0.09435541806405734
2023-02-22,1223501.4233557677,1437234.0704438249,0.0,180183.1122587865,-237061.92780956381,-56878.815550777304,-0.046488556911337714,180183.1122587865,-237061.92780956381,False,0.11801102563203192,0.22350142335576773
2023-02-23,1376773.8606975554,1584261.1704811105,0.0,190878.14686957913,-262260.0204581018,-71381.87358852269,-0.051847202816849236,190878.14686957913,-262260.0204581018,False,0.12527360770974716,0.3767738606975555
2023-02-24,1499097.2241374832,1698612.770537491,0.0,187919.8919381693,-314394.32771047315,-126474.43577230384,-0.08436706688258452,187919.8919381693,-314394.32771047315,False,0.08884782529060486,0.49909722413748336
2023-02-27,1580755.1738234446,1731454.7640205882,0.0,131700.3934500228,-216715.99668097272,-85015.60323094993,-0.053781638446464046,131700.3934500228,-216715.99668097272,False,0.05447141677748357,0.5807551738234449
2023-02-28,1648986.8993505372,1724765.2006140202,0.0,92143.46449535848,-181300.89257197632,-89157.42807661784,-0.054068002669841096,92143.46449535848,-181300.89257197632,False,0.04316400582264568,0.6489868993505374
2023-03-01,1636294.3298587045,1741810.1102464937,0.0076971924378730905,97890.97341645876,-169316.93453930167,-71425.96112284291,-0.04365104725933421,97890.97341645876,-169316.93453930167,False,-0.007697192437873035,0.6362943298587047
2023-03-02,1665219.7225410473,1757942.271862295,0.0,79609.7006411388,-140067.92673078374,-60458.226089644944,-0.036306455701466546,79609.7006411388,-140067.92673078374,False,0.017677377568643404,0.6652197225410474
2023-03-03,1678239.881708738,1867033.7819362658,0.0,99251.77344752876,-215663.65779106633,-116411.88434353757,-0.06936546176283821,99251.77344752876,-215663.65779106633,False,0.007818883593224912,0.6782398817087383
2023-03-06,1755430.1393017373,1902678.414722669,0.0,94970.97821148211,-170929.9880596072,-75959.00984812508,-0.043270881675951806,94970.97821148211,-170929.9880596072,False,0.04599477013643982,0.7554301393017377
2023-03-07,1829817.9648378408,1886538.7987142515,0.0,68003.67580667774,-157003.74169992295,-89000.0658932452,-0.04863875402006583,68003.67580667774,-157003.74169992295,False,0.04237583932886846,0.8298179648378414
2023-03-08,1793053.1864277096,1901253.3964760008,0.02009204145800876,63738.162847861415,-142509.17737265304,-78771.01452479162,-0.04393122029008336,63738.162847861415,-142509.17737265304,False,-0.020092041458008802,0.7930531864277102
2023-03-09,1838238.4259174692,1906748.6948303122,0.0,98733.20511496688,-156252.87731918728,-57519.67220422039,-0.031290648369246325,98733.20511496688,-156252.87731918728,False,0.02520016686163218,0.8382384259174698
2023-03-10,1870037.622116525,1908784.951231612,0.0,126319.73241612055,-160994.54872860853,-34674.81631248798,-0.018542309471422675,126319.73241612055,-160994.54872860853,False,0.01729873326044995,0.8700376221165256
2023-03-13,1877448.2424801304,1908784.951231612,0.0,129094.01363134533,-160430.7223828263,-31336.70875148097,-0.016691117252896848,129094.01363134533,-160430.7223828263,False,0.003962818863086914,0.8774482424801311
2023-03-14,1856546.22276259,1913778.074525866,0.011133206894656416,95551.48581490583,-142797.09098967444,-47245.605174768614,-0.025448116828713212,95551.48581490583,-142797.09098967444,False,-0.011133206894656467,0.8565462227625906
2023-03-15,1875975.9502595589,1913973.4605603677,0.0007841985665749322,109172.242709274,-146778.9809410801,-37606.73823180611,-0.020046492721083588,109172.242709274,-146778.9809410801,False,0.010465523162712875,0.8759759502595597
2023-03-16,1851529.9867866985,1925516.2405288485,0.013805044052342895,74593.29449353476,-125493.98829872304,-50900.693805188275,-0.027491152813315024,74593.29449353476,-125493.98829872304,False,-0.01303106442781321,0.8515299867866992
2023-03-17,1888651.2725026817,1929417.6689225174,0.0,96482.52348638151,-129446.0631188791,-32963.53963249759,-0.017453481281812858,96482.52348638151,-129446.0631188791,False,0.020048978942224238,0.8886512725026825
2023-03-20,1907546.4620074038,1934395.4589611616,0.0,75054.85040992944,-91948.26728639884,-16893.416876469404,-0.00885609719759677,75054.85040992944,-91948.26728639884,False,0.010004594167182468,0.9075464620074045
2023-03-21,1894630.8906663992,1936232.4393793026,0.006770776805830986,49719.46562026485,-87647.05349688628,-37927.58787662143,-0.02001845745441274,49719.46562026485,-87647.05349688628,False,-0.006770776805830936,0.8946308906664
2023-03-22,1920460.3179037776,1936232.4393793026,0.0,76411.19799345665,-92183.31946898173,-15772.121475525084,-0.008212677621342722,76411.19799345665,-92183.31946898173,False,0.013632960047586629,0.9204603179037785
2023-03-23,1932113.3010297955,1938396.0032698575,0.0,71074.39178052405,-73029.9662394757,-1955.5744589516544,-0.0010121427443770272,71074.39178052405,-73029.9662394757,False,0.00606780729462697,0.9321133010297966
2023-03-24,1939765.468725277,1939143.3964640244,0.0,57816.01556954791,-55699.15691996152,2116.858649586393,0.0010912961817891795,57816.01556954791,-55699.15691996152,False,0.003960517062536084,0.9397654687252781
2023-03-27,1953791.2331743927,1939505.582675284,0.0,48855.52144068935,-33845.49851906177,15010.022921627577,0.007682511143854541,48855.52144068935,-33845.49851906177,False,0.007230649619890839,0.9537912331743938
2023-03-28,1957160.0903743235,1939505.582675284,0.0,50476.49508012529,-32821.987381085644,17654.50769903965,0.009020471951102924,50476.49508012529,-32821.987381085644,False,0.0017242667193553274,0.9571600903743247
2023-03-29,1930401.847355871,1914767.7607938533,0.013671974587083881,0.0,-33841.557200843956,-33841.557200843956,-0.01753083548236226,0.0,-33841.557200843956,False,-0.013671974587083913,0.9304018473558722
2023-03-30,1879088.5940056397,1916151.5427429287,0.03989019434468032,0.0,-34295.384839138234,-34295.384839138234,-0.018251073924104348,0.0,-34295.384839138234,False,-0.0265816433094056,0.8790885940056408
2023-03-31,1880707.9022405087,1916531.2168929034,0.03906281786033799,0.0,-35063.96635244557,-35063.96635244557,-0.018644025640916096,0.0,-35063.96635244557,False,0.0008617519365690107,0.8807079022405098
2023-04-03,1916493.2168929034,1916569.2168929034,0.020778511518514675,0.0,0.0,0.0,0.0,0.0,0.0,False,0.019027577121233596,0.9164932168929045
2023-04-04,1916569.2168929034,1916569.2168929034,0.020739679743651807,0.0,0.0,0.0,0.0,0.0,0.0,False,3.965576258235792e-05,0.9165692168929043
2023-04-05,1916569.2168929034,1916569.2168929034,0.020739679743651807,0.0,0.0,0.0,0.0,0.0,0.0,False,0.0,0.9165692168929043
2023-04-06,1916569.2168929034,1916569.2168929034,0.020739679743651807,0.0,0.0,0.0,0.0,0.0,0.0,False,0.0,0.9165692168929043
2023-04-10,1916569.2168929034,1914246.2867645144,0.020739679743651807,115260.57596697788,-114099.11090278358,1161.4650641943008,0.0006060125843392395,-114099.11090278358,115260.57596697788,False,0.0,0.9165692168929043
2023-04-11,1917308.0771467532,1883798.5683114114,0.020362163230064793,85582.24581510988,-112968.1738859743,-27385.928070864422,-0.014283530329470504,-112968.1738859743,85582.24581510988,False,0.0003855119070772517,0.9173080771467541
2023-04-12,1859093.3945253969,1922927.434683234,0.0501066296677706,74808.44120326507,-60384.748617457386,14423.692585807687,0.007758455077233962,-60384.748617457386,74808.44120326507,False,-0.03036271703814475,0.8590933945253978
2023-04-13,1946285.675825587,1940805.3389968933,0.005556221283184201,41236.145456012426,0.0,41236.145456012426,0.021187098054616587,0.0,41236.145456012426,False,0.046900430907318214,0.946285675825588
2023-04-14,1980309.2078572263,1901301.4701365603,0.0,0.0,0.0,0.0,0.0,0.0,0.0,False,0.017481263133279246,0.9803092078572273
2023-04-17,1901301.4701365603,1901301.4701365603,0.039896667352345205,0.0,0.0,0.0,0.0,0.0,0.0,False,-0.039896667352345205,0.9013014701365614
2023-04-18,1901301.4701365603,1901301.4701365603,0.039896667352345205,0.0,0.0,0.0,0.0,0.0,0.0,False,0.0,0.9013014701365614
2023-04-19,1901301.4701365603,1901301.4701365603,0.039896667352345205,0.0,0.0,0.0,0.0,0.0,0.0,False,0.0,0.9013014701365614
2023-04-20,1901301.4701365603,1901301.4701365603,0.039896667352345205,0.0,0.0,0.0,0.0,0.0,0.0,False,0.0,0.9013014701365614
2023-04-21,1901301.4701365603,1901301.4701365603,0.039896667352345205,0.0,0.0,0.0,0.0,0.0,0.0,False,0.0,0.9013014701365614
2023-04-24,1901301.4701365603,1901301.4701365603,0.039896667352345205,0.0,0.0,0.0,0.0,0.0,0.0,False,0.0,0.9013014701365614
2023-04-25,1901301.4701365603,1901301.4701365603,0.039896667352345205,0.0,0.0,0.0,0.0,0.0,0.0,False,0.0,0.9013014701365614
2023-04-26,1901301.4701365603,1901301.4701365603,0.039896667352345205,0.0,0.0,0.0,0.0,0.0,0.0,False,0.0,0.9013014701365614
2023-04-27,1901301.4701365603,1901301.4701365603,0.039896667352345205,0.0,0.0,0.0,0.0,0.0,0.0,False,0.0,0.9013014701365614
2023-04-28,1901301.4701365603,2024032.1105070258,0.039896667352345205,112989.00650304844,-117859.82343675716,-4870.8169337087165,-0.002561833044477093,112989.00650304844,-117859.82343675716,False,0.0,0.9013014701365614
2023-05-01,2011369.0843086862,2173450.814054305,0.0,229526.10729017068,-219972.69807584662,9553.409214324056,0.004749704710514426,229526.10729017068,-219972.69807584662,False,0.05789066905009044,1.0113690843086873
2023-05-02,2197842.0741970656,2116101.685905723,0.0,166714.27336382715,-199672.14136964685,-32957.868005819706,-0.01499555786684999,166714.27336382715,-199672.14136964685,False,0.09270948397442957,1.1978420741970668
2023-05-03,2095702.2661732151,2133407.015736,0.046472769460091906,195568.96668056335,-198663.05658279572,-3094.089902232372,-0.0014763976506463527,195568.96668056335,-198663.05658279572,False,-0.046472769460091934,1.095702266173216
2023-05-04,2135026.169672925,2133628.9980079625,0.028580717996805557,234837.3395220987,-232996.20331321209,1841.1362088866008,0.0008623483098423348,234837.3395220987,-232996.20331321209,False,0.01876406975095568,1.1350261696729262
2023-05-05,2102672.600757988,2302397.037621312,0.043301324765950486,266222.1812657705,-266228.38303220697,-6.201766436453909,-2.9494684213882117e-06,266222.1812657705,-266228.38303220697,False,-0.015153710701304113,1.1026726007579892
2023-05-08,2300377.576830384,2354835.149021887,0.0,249580.63992448058,-199161.98931483124,50418.65060964934,0.021917554369104735,249580.63992448058,-199161.98931483124,False,0.09402556346676394,1.3003775768303854
2023-05-09,2424630.026251335,2327335.5230181753,0.0,217586.75655268977,-175291.50532695407,42295.2512257357,0.01744400208188769,217586.75655268977,-175291.50532695407,False,0.054013936960798814,1.4246300262513367
2023-05-10,2334534.756102919,2442310.494615826,0.03715835784138592,264685.2029769926,-290723.5263065653,-26038.32332957274,-0.011153538520471197,264685.2029769926,-290723.5263065653,False,-0.03715835784138588,1.3345347561029208
2023-05-11,2402683.3172623897,2463404.5829893784,0.009051570240131344,266271.0275892352,-284804.1165691211,-18533.088979885855,-0.0077134963424986035,266271.0275892352,-284804.1165691211,False,0.02919149564225476,1.4026833172623916
2023-05-12,2451208.4578985563,2430714.2291100943,0.0,205620.4073516896,-250506.88632179293,-44886.478970103344,-0.018311979475048375,205620.4073516896,-250506.88632179293,False,0.020196228228469115,1.451208457898558
2023-05-15,2367979.5118951374,2456981.475567245,0.03395425049845489,175925.3288457797,-212392.7996035848,-36467.4707578051,-0.015400247584329611,175925.3288457797,-212392.7996035848,False,-0.03395425049845491,1.3679795118951392
2023-05-16,2443532.183791607,2467657.6315146545,0.003131628435033242,218367.7230016025,-221140.85882982903,-2773.1358282265137,-0.0011348881944838818,218367.7230016025,-221140.85882982903,False,0.031905965198154806,1.4435321837916093
2023-05-17,2394077.611426142,2354237.449872532,0.023307216605067124,0.0,-187000.20173063522,-187000.20173063522,-0.07810949855516171,0.0,-187000.20173063522,False,-0.020238969101166848,1.3940776114261442
2023-05-18,2144834.5094860652,2362690.235299654,0.12498894062855358,0.0,-200950.1549593449,-200950.1549593449,-0.09369028429493871,0.0,-200950.1549593449,False,-0.10410819630513302,1.144834509486067
2023-05-19,2168426.157474796,2363954.87273309,0.11536444381649708,0.0,-192999.4403914233,-192999.4403914233,-0.08900438676508936,0.0,-192999.4403914233,False,0.010999285904992107,1.1684261574747978
2023-05-22,2172722.628456369,2367883.4167355946,0.11361164675522363,0.0,-187303.70027421645,-187303.70027421645,-0.08620690824548005,0.0,-187303.70027421645,False,0.001981377584273636,1.1727226284563712
2023-05-23,2194341.2584661883,2371119.700856299,0.10479206638042632,0.0,-170305.87414870254,-170305.87414870254,-0.07761138951912329,0.0,-170305.87414870254,False,0.00995001834411724,1.1943412584661908
2023-05-24,2191634.4346823716,2371119.700856299,0.10589634772993559,0.0,-179485.2661739265,-179485.2661739265,-0.08189562243300803,0.0,-179485.2661739265,False,-0.0012335473224017734,1.1916344346823742
2023-05-25,2121719.963433249,2372006.8799377116,0.13441879796212064,0.0,-248512.55834163772,-248512.55834163772,-0.1171278786195274,0.0,-248512.55834163772,False,-0.031900608122747975,1.1217199634332515
2023-05-26,2092485.9102684476,2376380.266881021,0.146345181893524,0.0,-275147.5827259541,-275147.5827259541,-0.1314931591059818,0.0,-275147.5827259541,False,-0.013778469198874155,1.0924859102684499
2023-05-30,2188550.365451733,2376585.9958760166,0.107154530901057,0.0,-187624.17243429244,-187624.17243429244,-0.08572988558824664,0.0,-187624.17243429244,False,0.0459092482830441,1.1885503654517358
2023-05-31,2242059.9958625366,2376626.9958760166,0.08532463298340794,0.0,-134485.00001347988,-134485.00001347988,-0.059982783806702966,0.0,-134485.00001347988,False,0.02444980533941643,1.2420599958625393
2023-06-01,2238302.004248533,2376626.9958760166,0.08685775090403776,0.0,-138324.99162748328,-138324.99162748328,-0.06179907419326252,0.0,-138324.99162748328,False,-0.0016761333866794903,1.2383020042485358
2023-06-02,2233735.493805215,2377300.2000294775,0.08872071381468005,0.0,-142218.29791733983,-142218.29791733983,-0.06366837000699128,0.0,-142218.29791733983,False,-0.0020401672493925993,1.2337354938052183
2023-06-05,2297708.5717489147,2377340.2000294775,0.0626221265086685,0.0,-79551.6282805619,-79551.6282805619,-0.034622157595908996,0.0,-79551.6282805619,False,0.02863950459717146,1.297708571748918
2023-06-06,2296786.6702907328,2377340.2000294775,0.06299822730711803,0.0,-80553.52973874517,-80553.52973874517,-0.03507227326800382,0.0,-80553.52973874517,False,-0.00040122645209095253,1.2967866702907362
2023-06-07,2308646.600962521,2377739.2633887837,0.05815982581026781,0.0,-68294.53570764937,-68294.53570764937,-0.029582065821237433,0.0,-68294.53570764937,False,0.005163705809162922,1.3086466009625246
2023-06-08,2305510.364309487,2377739.2633887837,0.059439291309388534,0.0,-72228.89907929733,-72228.89907929733,-0.03132881126775168,0.0,-72228.89907929733,False,-0.001358474117141406,1.3055103643094905
2023-06-09,2377693.2633887837,2377785.2633887837,0.029991408634742492,0.0,0.0,0.0,0.0,0.0,0.0,False,0.03130885906943903,1.3776932633887875
2023-06-12,2377785.2633887837,2377785.2633887837,0.029953876127173193,0.0,0.0,0.0,0.0,0.0,0.0,False,3.869296406588951e-05,1.3777852633887875
2023-06-13,2377785.2633887837,2377785.2633887837,0.029953876127173193,0.0,0.0,0.0,0.0,0.0,0.0,False,0.0,1.3777852633887875
2023-06-14,2377785.2633887837,2377785.2633887837,0.029953876127173193,0.0,0.0,0.0,0.0,0.0,0.0,False,0.0,1.3777852633887875
2023-06-15,2377785.2633887837,2377785.2633887837,0.029953876127173193,0.0,0.0,0.0,0.0,0.0,0.0,False,0.0,1.3777852633887875
2023-06-16,2377785.2633887837,2377785.2633887837,0.029953876127173193,0.0,0.0,0.0,0.0,0.0,0.0,False,0.0,1.3777852633887875
2023-06-20,2377785.2633887837,2377785.2633887837,0.029953876127173193,0.0,0.0,0.0,0.0,0.0,0.0,False,0.0,1.3777852633887875
2023-06-21,2377785.2633887837,2377785.2633887837,0.029953876127173193,0.0,0.0,0.0,0.0,0.0,0.0,False,0.0,1.3777852633887875
2023-06-22,2377785.2633887837,2377785.2633887837,0.029953876127173193,0.0,0.0,0.0,0.0,0.0,0.0,False,0.0,1.3777852633887875
2023-06-23,2377785.2633887837,2377785.2633887837,0.029953876127173193,0.0,0.0,0.0,0.0,0.0,0.0,False,0.0,1.3777852633887875
2023-06-26,2377785.2633887837,2377785.2633887837,0.029953876127173193,0.0,0.0,0.0,0.0,0.0,0.0,False,0.0,1.3777852633887875
2023-06-27,2377785.2633887837,2377785.2633887837,0.029953876127173193,0.0,0.0,0.0,0.0,0.0,0.0,False,0.0,1.3777852633887875
2023-06-28,2377785.2633887837,2377785.2633887837,0.029953876127173193,0.0,0.0,0.0,0.0,0.0,0.0,False,0.0,1.3777852633887875
2023-06-29,2377785.2633887837,2377785.2633887837,0.029953876127173193,0.0,0.0,0.0,0.0,0.0,0.0,False,0.0,1.3777852633887875
2023-06-30,2377785.2633887837,2377785.2633887837,0.029953876127173193,0.0,0.0,0.0,0.0,0.0,0.0,False,0.0,1.3777852633887875
2023-07-03,2377785.2633887837,2377785.2633887837,0.029953876127173193,0.0,0.0,0.0,0.0,0.0,0.0,False,0.0,1.3777852633887875
2023-07-05,2377785.2633887837,2377785.2633887837,0.029953876127173193,0.0,0.0,0.0,0.0,0.0,0.0,False,0.0,1.3777852633887875
2023-07-06,2377785.2633887837,2377785.2633887837,0.029953876127173193,0.0,0.0,0.0,0.0,0.0,0.0,False,0.0,1.3777852633887875
2023-07-07,2377785.2633887837,2377785.2633887837,0.029953876127173193,0.0,0.0,0.0,0.0,0.0,0.0,False,0.0,1.3777852633887875
2023-07-10,2377785.2633887837,2374121.905890208,0.029953876127173193,143162.368096378,-141330.68934709075,1831.678749287239,0.0007703297591628431,-141330.68934709075,143162.368096378,False,0.0,1.3777852633887875
2023-07-11,2366200.061039701,2380813.6579048485,0.03468019889737719,228400.6112598581,-223310.42627473816,5090.184985119937,0.002151206514162342,-223310.42627473816,228400.6112598581,False,-0.004872266023119187,1.366200061039705
2023-07-12,2372683.255918238,2360984.099118893,0.032035301496813044,277554.5720945443,-319203.54460379964,-41648.97250925534,-0.01755353244280262,-319203.54460379964,277554.5720945443,False,0.002739918312608003,1.3726832559182416
2023-07-13,2297806.2556045116,2360406.884052356,0.06258227520378165,381777.2143161761,-445392.3727698153,-63615.15845363925,-0.02768517071379599,-445392.3727698153,381777.2143161761,False,-0.0315579418900348,1.2978062556045153
2023-07-14,2312267.9064319804,2309406.3269126574,0.056682470647841536,472301.3022675992,-567093.329760429,-94792.02749282977,-0.040995261504581305,-567093.329760429,472301.3022675992,False,0.006293677194147973,1.312267906431984
2023-07-17,2219393.703709447,2347267.267134621,0.094571619742144,553296.905927501,-594490.6284515171,-41193.72252401605,-0.018560799940617,-594490.6284515171,553296.905927501,False,-0.04016584863033723,1.21939370370945
2023-07-18,2262520.2352864877,2339364.5268482375,0.0769776319937443,701321.2029718816,-776345.0619859175,-75023.8590140359,-0.03315942012095911,-776345.0619859175,701321.2029718816,False,0.019431672490086038,1.262520235286491
2023-07-19,2229874.6951538566,2272793.5281583676,0.09029577310387184,794096.0651303693,-954823.3745023183,-160727.30937194906,-0.0720790767845631,-954823.3745023183,794096.0651303693,False,-0.014428838966161761,1.22987469515386
2023-07-20,2186493.032994803,2258771.431929891,0.10799384444466882,626599.5153957844,-726922.1067878237,-100322.59139203932,-0.04588287722766221,-726922.1067878237,626599.5153957844,False,-0.019454753333599473,1.1864930329948065
2023-07-21,2162298.59624635,2219693.3750299322,0.11786425618810538,569367.327030623,-704918.2196141222,-135550.8925834992,-0.06268833213822053,-704918.2196141222,569367.327030623,False,-0.011065407656622783,1.1622985962463535
2023-07-24,2062047.1152776724,2199486.8395953635,0.15876305475647529,563755.8726797894,-741608.667866617,-177852.79518682754,-0.08625059721919988,-741608.667866617,563755.8726797894,True,-0.04636338438304011,1.0620471152776756
2023-07-25,1992871.2524446272,2298350.353497694,0.18698418079336498,545452.7332302914,-653204.8064786994,-107752.07324840804,-0.054068757887008545,-653204.8064786994,545452.7332302914,True,-0.03354717858797818,0.9928712524446301
2023-07-26,2196201.9675050136,2248902.9944219394,0.10403296772733973,486328.6460459932,-637924.3911144237,-151595.74506843055,-0.06902632240178269,-637924.3911144237,486328.6460459932,True,0.10202902711901896,1.1962019675050164
2023-07-27,2198408.0995401195,2229762.846411968,0.1031329496044432,459718.07723883435,-529353.120130627,-69635.0428917926,-0.031675212125701055,-529353.120130627,459718.07723883435,True,0.0010045214728644503,1.1984080995401225
2023-07-28,1992907.2385210353,2212737.0210880064,0.18696949984026526,433750.0326470997,-687631.4658619945,-253881.43321489485,-0.12739249891194326,-687631.4658619945,433750.0326470997,True,-0.09347712149626475,0.992907238521038
2023-07-31,1923215.3897360626,2194803.3783349167,0.21540112855809374,403238.61639198876,-710693.8904970246,-307455.2741050359,-0.15986523181224663,-710693.8904970246,403238.61639198876,True,-0.034969941118128456,0.9232153897360653
2023-08-01,1929871.5130562226,2185889.3462281274,0.21268568291791906,373061.98513463227,-646907.882520116,-273845.8973854838,-0.14189851269000306,-646907.882520116,373061.98513463227,True,0.003460934929952586,0.9298715130562252
2023-08-02,2123687.0396951856,2336286.428578742,0.13361630551983236,340259.3290620341,-252064.55324436247,88194.77581767162,0.04152908322609073,-252064.55324436247,340259.3290620341,True,0.10042923859321018,1.1236870396951883
2023-08-03,2450409.5078226756,2222163.349334808,0.00032594130185303443,0.0,0.0,0.0,0.0,0.0,0.0,True,0.1538468060597029,1.4504095078226786
2023-08-04,2222163.349334808,2222163.349334808,0.09344170946607727,0.0,0.0,0.0,0.0,0.0,0.0,True,-0.09314612833455616,1.222163349334811
2023-08-07,2222163.349334808,2222163.349334808,0.09344170946607727,0.0,0.0,0.0,0.0,0.0,0.0,True,0.0,1.222163349334811
2023-08-08,2222163.349334808,2222163.349334808,0.09344170946607727,0.0,0.0,0.0,0.0,0.0,0.0,True,0.0,1.222163349334811
2023-08-09,2222163.349334808,2222163.349334808,0.09344170946607727,0.0,0.0,0.0,0.0,0.0,0.0,True,0.0,1.222163349334811
2023-08-10,2222163.349334808,2222163.349334808,0.09344170946607727,0.0,0.0,0.0,0.0,0.0,0.0,True,0.0,1.222163349334811
2023-08-11,2222163.349334808,2222163.349334808,0.09344170946607727,0.0,0.0,0.0,0.0,0.0,0.0,True,0.0,1.222163349334811
2023-08-14,2222163.349334808,2222163.349334808,0.09344170946607727,0.0,0.0,0.0,0.0,0.0,0.0,True,0.0,1.222163349334811
2023-08-15,2222163.349334808,2222163.349334808,0.09344170946607727,0.0,0.0,0.0,0.0,0.0,0.0,True,0.0,1.222163349334811
2023-08-16,2222163.349334808,2222163.349334808,0.09344170946607727,0.0,0.0,0.0,0.0,0.0,0.0,True,0.0,1.222163349334811
2023-08-17,2222163.349334808,2222163.349334808,0.09344170946607727,0.0,0.0,0.0,0.0,0.0,0.0,True,0.0,1.222163349334811
2023-08-18,2222163.349334808,2222163.349334808,0.09344170946607727,0.0,0.0,0.0,0.0,0.0,0.0,True,0.0,1.222163349334811
2023-08-21,2222163.349334808,2222163.349334808,0.09344170946607727,0.0,0.0,0.0,0.0,0.0,0.0,True,0.0,1.222163349334811
2023-08-22,2222163.349334808,2222163.349334808,0.09344170946607727,0.0,0.0,0.0,0.0,0.0,0.0,True,0.0,1.222163349334811
2023-08-23,2222163.349334808,2222163.349334808,0.09344170946607727,0.0,0.0,0.0,0.0,0.0,0.0,True,0.0,1.222163349334811
2023-08-24,2222163.349334808,2222163.349334808,0.09344170946607727,0.0,0.0,0.0,0.0,0.0,0.0,True,0.0,1.222163349334811
2023-08-25,2222163.349334808,2222163.349334808,0.09344170946607727,0.0,0.0,0.0,0.0,0.0,0.0,True,0.0,1.222163349334811
2023-08-28,2222163.349334808,2222163.349334808,0.09344170946607727,0.0,0.0,0.0,0.0,0.0,0.0,True,0.0,1.222163349334811
2023-08-29,2222163.349334808,2222163.349334808,0.09344170946607727,0.0,0.0,0.0,0.0,0.0,0.0,True,0.0,1.222163349334811
2023-08-30,2222163.349334808,2222163.349334808,0.09344170946607727,0.0,0.0,0.0,0.0,0.0,0.0,True,0.0,1.222163349334811
2023-08-31,2222163.349334808,2222163.349334808,0.09344170946607727,0.0,0.0,0.0,0.0,0.0,0.0,True,0.0,1.222163349334811
2023-09-01,2222163.349334808,2239719.265466448,0.09344170946607727,65623.74031988751,-41589.82822576418,24033.912094123334,0.01081554697647126,65623.74031988751,-41589.82822576418,True,0.0,1.222163349334811
2023-09-05,2263419.547061567,2217672.262395678,0.076610746928469,37937.167294414976,-36283.88877006569,1653.2785243492835,0.0007304339694757936,37937.167294414976,-36283.88877006569,True,0.018565780836547807,1.2634195470615701
2023-09-06,2226828.414457337,2245310.916052136,0.09153853998757101,113010.2956690045,-72000.6982080972,41009.5974609073,0.018416146118245515,113010.2956690045,-72000.6982080972,True,-0.016166305823299032,1.2268284144573398
2023-09-07,2289893.7158653457,2234859.5823489693,0.06581029104783165,85920.80089243571,-51789.33478239359,34131.46611004212,0.014905262141017719,85920.80089243571,-51789.33478239359,True,0.02832068290424483,1.2898937158653485
2023-09-08,2263896.792100267,2260856.08141618,0.07641604906947541,146281.1971645089,-88226.18388723243,58055.01327727646,0.025643842722802547,146281.1971645089,-88226.18388723243,True,-0.011352895370191685,1.2638967921002697
2023-09-11,2301169.7779072924,2230246.0403311504,0.061210085787601044,75249.4790290397,-65545.82362295703,9703.655406082675,0.0042168359324218484,75249.4790290397,-65545.82362295703,True,0.016464083494038828,1.3011697779072953
2023-09-12,2242870.010616997,2240175.134610605,0.08499417771272295,76910.13880173785,-54357.0742364365,22553.06456530135,0.010055448803783848,76910.13880173785,-54357.0742364365,True,-0.025334839632438544,1.2428700106169996
2023-09-13,2257371.3083246266,2241638.432045735,0.07907819873472043,72292.42097128059,-53632.949822128976,18659.471149151614,0.008266017681867445,72292.42097128059,-53632.949822128976,True,0.006465509654587809,1.2573713083246294
2023-09-14,2256801.0467158826,2220658.5877017216,0.07931084382327112,40757.90536670769,-46575.13504057201,-5817.22967386432,-0.0025776439984949518,40757.90536670769,-46575.13504057201,True,-0.00025262197966324784,1.2568010467158852
2023-09-15,2204283.149822864,2196263.507678935,0.10073615211306157,0.0,-40770.51790164399,-40770.51790164399,-0.018496043897500328,0.0,-40770.51790164399,True,-0.02327094670992058,1.2042831498228668
2023-09-18,2160028.5297075533,2198278.959122912,0.11879035716147707,0.0,-34219.526527404094,-34219.526527404094,-0.01584216414587685,0.0,-34219.526527404094,True,-0.020076649462600682,1.1600285297075557
2023-09-19,2164686.3558877185,2200032.3078308646,0.11689014089665627,0.0,-31839.254527241224,-31839.254527241224,-0.014708483952255628,0.0,-31839.254527241224,True,0.00215637252754064,1.1646863558877212
2023-09-20,2162779.221291049,2200032.3078308646,0.1176681794149733,0.0,-37253.08653981672,-37253.08653981672,-0.01722463678820572,0.0,-37253.08653981672,True,-0.0008810212119101379,1.1627792212910517
2023-09-21,2158895.078056917,2201458.3810696807,0.11925276240774813,0.0,-39711.15653513151,-39711.15653513151,-0.018394204025363275,0.0,-39711.15653513151,True,-0.0017959037130999,1.1588950780569198
2023-09-22,2165036.5902880644,2201666.7489455445,0.1167472585566344,0.0,-36213.42290575203,-36213.42290575203,-0.01672647153780146,0.0,-36213.42290575203,True,0.002844747896074251,1.1650365902880675
2023-09-25,2168149.524102626,2202131.87506953,0.11547729973100672,0.0,-33052.09871893256,-33052.09871893256,-0.015244381603530076,0.0,-33052.09871893256,True,0.0014378204176896947,1.168149524102629
2023-09-26,2164376.3627042295,2202704.3428303124,0.11701660634780549,0.0,-37183.04460451788,-37183.04460451788,-0.017179565091008663,0.0,-37183.04460451788,True,-0.001740268074895801,1.1643763627042327
2023-09-27,2164493.536855,2202704.3428303124,0.11696880374236288,0.0,-38210.80597531225,-38210.80597531225,-0.01765346272681987,0.0,-38210.80597531225,True,5.413760415695634e-05,1.1644935368550033
2023-09-28,2166542.508460833,2202704.3428303124,0.11613290110861064,0.0,-36161.8343694794,-36161.8343694794,-0.016691033860752488,0.0,-36161.8343694794,True,0.0009466286551311764,1.1665425084608367
2023-09-29,2169227.162063563,2202910.946898254,0.1150376643513782,0.0,-33270.57669880824,-33270.57669880824,-0.01533752540105495,0.0,-33270.57669880824,True,0.0012391419010915339,1.1692271620635664
2023-10-02,2193750.655587708,2206503.1966108247,0.1050330099348503,0.0,-5568.041597974971,-5568.041597974971,-0.0025381378616537837,0.0,-5568.041597974971,True,0.011305175388278021,1.1937506555877118
2023-10-03,2200215.952926341,2266627.0912512876,0.10239541405115478,35163.80489529928,-71512.99590001439,-36349.1910047151,-0.016520737865012656,-65225.7522155308,28876.56121081571,True,0.002947143205252134,1.2002159529263445
2023-10-04,2232859.4519814937,2338189.123337636,0.08907810562315664,55082.4799233137,-107325.25269132081,-52242.77276800711,-0.023397250875618527,-101714.93151164666,49472.15874363955,True,0.014836497759111333,1.232859451981497
2023-10-05,2289980.6897186213,2332662.008920601,0.06577480901732731,50715.45506963913,-104451.00310568645,-53735.54803604732,-0.023465502690614398,-99333.25699946469,45597.70896341738,True,0.025582101769297205,1.2899806897186248
2023-10-06,2282004.790024302,2346025.991157569,0.06902867331785978,45313.45139086236,-82606.68805019333,-37293.23665933097,-0.01634231304962941,-82376.08932861939,45082.85266928843,True,-0.003482955000506771,1.2820047900243052
2023-10-09,2299247.2350686705,2402900.5440420466,0.061994410283719215,85338.07462884227,-160930.80297521368,-75592.72834637141,-0.032877163966281216,-160930.80297521368,85338.07462884227,True,0.007555832099802373,1.2992472350686737
2023-10-10,2320626.0097414707,2416981.9787112884,0.05327268178122848,69705.67214486461,-137898.77177619783,-68193.09963133321,-0.02938564824537594,-137898.77177619783,69705.67214486461,True,0.009298162610234417,1.3206260097414741
2023-10-11,2346752.3950100234,2408976.7796383025,0.04261410838068176,67581.92757595485,-145816.7103502061,-78234.78277425125,-0.03333746795810433,-145816.7103502061,67581.92757595485,True,0.0112583351039246,1.3467523950100269
2023-10-12,2350207.5508685354,2408600.7049308135,0.04120453595228284,67975.84538495929,-127121.14886221562,-59145.303477256326,-0.025165991597379887,-127121.14886221562,67975.84538495929,True,0.001472313766828881,1.350207550868539
2023-10-13,2350005.4241043786,2408468.299925457,0.04128699599908365,62760.74627878353,-121488.43211057567,-58727.685831792136,-0.024990446928084907,-121488.43211057567,62760.74627878353,True,-8.60037931893487e-05,1.3500054241043822
2023-10-16,2330761.0416575563,2406855.375061033,0.0491379734974726,60788.6111805849,-140108.79431290994,-79320.18313232504,-0.034031881310284506,-140108.79431290994,60788.6111805849,True,-0.008189080012084071,1.33076104165756
2023-10-17,2322238.3203993477,2399412.4487236417,0.05261492023806733,48440.7789521424,-140500.75995121908,-92059.98099907668,-0.03964277920590227,-140500.75995121908,48440.7789521424,True,-0.00365662592856264,1.322238320399351
2023-10-18,2338930.0368787837,2418483.673623858,0.0458053335521002,34130.061861414695,-75541.24880605514,-41411.186944640445,-0.017705184119103518,-75541.24880605514,34130.061861414695,True,0.007187770666261972,1.338930036878787
2023-10-19,2388336.3800146426,2416863.248288696,0.025649421076906067,30826.531037341752,-62594.24998171955,-31767.718944377797,-0.013301191243497715,-62594.24998171955,30826.531037341752,True,0.02112348054745139,1.3883363800146458
2023-10-20,2399146.4642358855,2453650.294328266,0.02123931707844381,19070.261986757756,0.0,19070.261986757756,0.007948769394048448,0.0,19070.261986757756,True,0.004526198366235468,1.3991464642358888
2023-10-23,2472284.106787313,2451581.4782793443,0.0,16564.99641012511,0.0,16564.99641012511,0.006700280264977723,0.0,16564.99641012511,False,0.03048485936214873,1.4722841067873165
2023-10-24,2468815.1883946937,2450087.6221006955,0.0014031228785946097,15739.853936700796,0.0,15739.853936700796,0.006375468690686149,0.0,15739.853936700796,False,-0.0014031228785945649,1.4688151883946974
2023-10-25,2466553.184172521,2448036.5723949703,0.0023180679757065312,14414.512366100253,0.0,14414.512366100253,0.0058439900905424965,0.0,14414.512366100253,False,-0.0009162306813429444,1.4665531841725246
2023-10-26,2458027.7931364,2438045.3516535405,0.005766454434493947,0.0,0.0,0.0,0.0,0.0,0.0,False,-0.0034563986257530877,1.4580277931364036
2023-10-27,2438045.3516535405,2438045.3516535405,0.013849037430518006,0.0,0.0,0.0,0.0,0.0,0.0,False,-0.008129461163399743,1.4380453516535439
2023-10-30,2438045.3516535405,2438045.3516535405,0.013849037430518006,0.0,0.0,0.0,0.0,0.0,0.0,False,0.0,1.4380453516535439
2023-10-31,2438045.3516535405,2438045.3516535405,0.013849037430518006,0.0,0.0,0.0,0.0,0.0,0.0,False,0.0,1.4380453516535439
2023-11-01,2438045.3516535405,2438045.3516535405,0.013849037430518006,0.0,0.0,0.0,0.0,0.0,0.0,False,0.0,1.4380453516535439
2023-11-02,2438045.3516535405,2438045.3516535405,0.013849037430518006,0.0,0.0,0.0,0.0,0.0,0.0,False,0.0,1.4380453516535439
2023-11-03,2438045.3516535405,2589519.980759402,0.013849037430518006,145442.03721551262,-148458.33316068593,-3016.295945173304,-0.0012371779479522726,145442.03721551262,-148458.33316068593,False,0.0,1.4380453516535439
2023-11-06,2583529.5839388287,2722455.1725129816,0.0,227981.59007261117,-258389.85631327718,-30408.26624066601,-0.011770047623881206,227981.59007261117,-258389.85631327718,False,0.05967248812111614,1.5835295839388324
2023-11-07,2681954.8613559264,2875750.01456151,0.0,315831.9307444177,-375597.5086686237,-59765.57792420598,-0.022284334007765538,315831.9307444177,-375597.5086686237,False,0.038097213219072,1.6819548613559303
2023-11-08,2808032.913132237,3119229.5636477503,0.0,478940.2678446586,-476515.6999979883,2424.567846670281,0.0008634399672921863,478940.2678446586,-476515.6999979883,False,0.047009759035455456,1.8080329131322408
2023-11-09,3107547.910178471,2914240.8060232885,0.0,205290.1860912064,-421960.5971849526,-216670.4110937462,-0.0697239165272604,205290.1860912064,-421960.5971849526,False,0.10666363476207907,2.107547910178475
2023-11-10,2570365.0385456374,2851516.227871759,0.17286390657834858,0.0,-406600.3456291793,-406600.3456291793,-0.1581877824868182,0.0,-406600.3456291793,True,-0.1728639065783486,1.5703650385456407
2023-11-13,2478402.43449703,2870305.2270090417,0.20245720866305428,0.0,-354324.7942374421,-354324.7942374421,-0.14296499604163324,0.0,-354324.7942374421,True,-0.03577803256328205,1.478402434497033
2023-11-14,2456197.2397098253,2878332.8782812012,0.2096027766250071,0.0,-406080.33602705406,-406080.33602705406,-0.16532887891162532,0.0,-406080.33602705406,True,-0.008959479089484912,1.4561972397098284
2023-11-15,2485385.619437122,2888126.7122850074,0.2002100397884509,0.0,-383153.4248402725,-383153.4248402725,-0.15416256609992265,0.0,-383153.4248402725,True,0.011883565071811875,1.4853856194371247
2023-11-16,2467823.310979389,2895349.289162979,0.2058615402529197,0.0,-413080.824427645,-413080.824427645,-0.167386709814208,0.0,-413080.824427645,True,-0.007066230817618591,1.4678233109793921
2023-11-17,2496447.742924385,2898378.618119964,0.1966502801943896,0.0,-395872.2172816112,-395872.2172816112,-0.1585742054499724,0.0,-395872.2172816112,True,0.011599060523354687,1.4964477429243876
2023-11-20,2439967.680349712,2902120.576919933,0.2148254022543514,0.0,-454668.9789702825,-454668.9789702825,-0.1863422137235508,0.0,-454668.9789702825,True,-0.022624171779582758,1.4399676803497146
2023-11-21,2481012.5859041126,2902795.768460718,0.20161726943040936,0.0,-420432.7994750344,-420432.7994750344,-0.16946016391199537,0.0,-420432.7994750344,True,0.016821905423156203,1.4810125859041152
2023-11-22,2471403.0415334324,2921541.389793339,0.20470959323311086,72842.56006939316,-477186.8176282916,-404344.2575588984,-0.16360919314399433,72842.56006939316,-477186.8176282916,True,-0.0038732348337435774,1.4714030415334354
2023-11-24,2544048.0932410765,2934161.2089044116,0.18133262405760683,69556.3833460153,-434429.8607872051,-364873.4774411898,-0.14342239771746879,69556.3833460153,-434429.8607872051,True,0.029394255201114383,1.5440480932410794
2023-11-27,2584273.514196217,2911407.4432248147,0.16838819902609367,33999.03669339401,-406640.4970811859,-372641.4603877919,-0.1441958284758779,33999.03669339401,-406640.4970811859,True,0.015811580395044267,1.5842735141962199
2023-11-28,2526892.759068609,2890304.3702901807,0.18685316136494057,0.0,-405617.7570908395,-405617.7570908395,-0.16052036859702218,0.0,-405617.7570908395,True,-0.02220382432911905,1.5268927590686117
2023-11-29,2511801.855845257,2892305.311448808,0.19170937071699054,0.0,-376501.5732862977,-376501.5732862977,-0.14989302297477583,0.0,-376501.5732862977,True,-0.005972118590784392,1.5118018558452597
2023-11-30,2525809.136961504,2930229.094838652,0.18720186784941859,0.0,-328572.3910974597,-328572.3910974597,-0.13008599354926934,0.0,-328572.3910974597,True,0.005576586817009455,1.5258091369615063
2023-12-01,2599728.717335584,2941173.6649222975,0.163414759006474,0.0,-319555.8074194227,-319555.8074194227,-0.12291890507211453,0.0,-319555.8074194227,True,0.02926570313345378,1.5997287173355867
2023-12-04,2749622.7040826427,2958841.9589734147,0.11517930421071837,0.0,-173882.66678853732,-173882.66678853732,-0.06323873691119736,0.0,-173882.66678853732,True,0.05765754932333178,1.7496227040826455
2023-12-05,2757247.209465092,2959333.689212085,0.11272576025811315,0.0,-201103.0192696522,-201103.0192696522,-0.07293615841891317,0.0,-201103.0192696522,True,0.002772927853384566,1.757247209465095
2023-12-06,2843416.347308925,2966896.2686437094,0.08499677897303168,0.0,-108354.76247153594,-108354.76247153594,-0.03810724467912882,0.0,-108354.76247153594,True,0.031251872355888555,1.8434163473089282
2023-12-07,2899843.587971134,2968094.057670729,0.06683865485292165,0.0,-65854.89164555498,-65854.89164555498,-0.02270980818369936,0.0,-65854.89164555498,True,0.019844874534681978,1.8998435879711377
2023-12-08,2962025.1468449486,2968281.2812493695,0.0468288076450492,0.0,-5881.687247139106,-5881.687247139106,-0.0019856979450036355,0.0,-5881.687247139106,True,0.021443073389113332,1.9620251468449528
2023-12-11,2960931.9486544947,2968281.2812493695,0.047180595685669034,0.0,-7349.332594874475,-7349.332594874475,-0.0024821011500160126,0.0,-7349.332594874475,True,-0.0003690712050903322,1.960931948654499
2023-12-12,2962812.783449201,2972484.678669929,0.04657534844602207,0.0,-1265.1003796086256,-1265.1003796086256,-0.00042699302050932863,0.0,-1265.1003796086256,True,0.000635217163825974,1.962812783449205
2023-12-13,2970916.7890167716,2972484.678669929,0.04396750270983026,0.0,-1567.8896531577961,-1567.8896531577961,-0.0005277460677977087,0.0,-1567.8896531577961,True,0.002735240516323234,1.9709167890167758
2023-12-14,2970288.559678068,2972484.678669929,0.04416966510824284,0.0,-2196.1189918611435,-2196.1189918611435,-0.0007393621689399659,0.0,-2196.1189918611435,True,-0.00021145975579872633,1.970288559678072
2023-12-15,2970477.136963334,2972484.678669929,0.04410898147899023,0.0,-2007.5417065950178,-2007.5417065950178,-0.000675831394766193,0.0,-2007.5417065950178,True,6.34878670799921e-05,1.9704771369633378
2023-12-18,2970595.9704343686,2972484.678669929,0.04407074120901871,0.0,-1888.7082355605016,-1888.7082355605016,-0.000635801116798906,0.0,-1888.7082355605016,True,4.000484284349959e-05,1.9705959704343723
2023-12-19,2970422.074930406,2972484.678669929,0.04412670028317903,0.0,-2062.603739522929,-2062.603739522929,-0.0006943806932121772,0.0,-2062.603739522929,True,-5.85389281118065e-05,1.97042207493041
2023-12-20,2970862.643450497,2972484.678669929,0.04398492659767993,0.0,-1622.0352194318593,-1622.0352194318593,-0.0005459812229985674,0.0,-1622.0352194318593,True,0.00014831849110241713,1.9708626434505008
2023-12-21,2970705.554978194,2972484.678669929,0.04403547721728212,0.0,-1779.1236917349338,-1779.1236917349338,-0.000598889273544309,0.0,-1779.1236917349338,True,-5.287638344686485e-05,1.9707055549781978
2023-12-22,2972481.678669929,2972487.678669929,0.04346392571008979,0.0,0.0,0.0,0.0,0.0,0.0,True,0.0005978794124374964,1.9724816786699328
2023-12-26,2972487.678669929,2972487.678669929,0.04346199492730754,0.0,0.0,0.0,0.0,0.0,0.0,True,2.018515385060482e-06,1.9724876786699332
2023-12-27,2972487.678669929,2972487.678669929,0.04346199492730754,0.0,0.0,0.0,0.0,0.0,0.0,True,0.0,1.9724876786699332
2023-12-28,2972487.678669929,2972487.678669929,0.04346199492730754,0.0,0.0,0.0,0.0,0.0,0.0,True,0.0,1.9724876786699332
2023-12-29,2972487.678669929,2972487.678669929,0.04346199492730754,0.0,0.0,0.0,0.0,0.0,0.0,True,0.0,1.9724876786699332
2024-01-02,2972487.678669929,3043831.7491928055,0.04346199492730754,53121.18251158324,-88793.21777302197,-35672.03526143873,-0.012000734441193902,-88793.21777302197,53121.18251158324,True,0.0,1.9724876786699332
2024-01-03,3001151.1563200187,3137917.8286015303,0.03423817007292469,91464.72192459079,-149640.4750274162,-58175.7531028254,-0.019384479512241537,-149640.4750274162,91464.72192459079,True,0.009642925639616218,2.001151156320023
2024-01-04,3076346.3988419725,3228815.084482487,0.010040556811465694,124837.00942347561,-206194.07104855258,-81357.06162507697,-0.026446001547713278,-206194.07104855258,124837.00942347561,True,0.02505546658774671,2.0763463988419764
2024-01-05,3159188.593510495,3241443.403179363,0.0,90811.23949271349,-147809.41176783055,-56998.17227511706,-0.018042029017261235,-147809.41176783055,90811.23949271349,False,0.026928760265653606,2.159188593510499
2024-01-08,3201727.7424860788,3288059.869241021,0.0,230170.77649366917,-256156.4791759502,-25985.70268228103,-0.008116150020333597,-256156.4791759502,230170.77649366917,False,0.013465213524436637,2.2017277424860824
2024-01-09,3269579.245788218,3259991.0426500468,0.0,350167.6216239746,-439625.34737728594,-89457.72575331136,-0.027360623195950468,-439625.34737728594,350167.6216239746,False,0.021192152724845315,2.2695792457882216
2024-01-10,3196206.6943277987,3361708.116301691,0.02244097663481802,476507.4153150076,-479716.1032359329,-3208.6879209252656,-0.00100390501234467,-479716.1032359329,476507.4153150076,False,-0.022440976634818033,2.196206694327802
2024-01-11,3373961.700295469,3314504.608933213,0.0,590631.7548353367,-663001.9789758143,-72370.2241404776,-0.021449628232039476,-663001.9789758143,590631.7548353367,False,0.05561436507943185,2.3739617002954723
2024-01-12,3255322.691953964,3269512.55759496,0.03516311650221611,566552.5402576326,-670726.508575135,-104173.96831750241,-0.03200111883684667,-670726.508575135,566552.5402576326,False,-0.03516311650221615,2.255322691953967
2024-01-16,3196329.4160641413,3277412.99706808,0.05264798477581166,497121.36976305983,-562404.0718207585,-65282.70205769868,-0.020424272207238806,-562404.0718207585,497121.36976305983,False,-0.018122097706514295,2.196329416064144
2024-01-17,3211755.777964363,3501948.116201446,0.048075804273919595,486194.05814914824,-327316.15811950143,158877.90002964681,0.049467615539044794,-327316.15811950143,486194.05814914824,False,0.004826274107634809,2.211755777964366
2024-01-18,3750213.230037864,3454292.355425456,0.0,462341.84780792904,-261732.49474750028,200609.35306042875,0.053492785811115946,-261732.49474750028,462341.84780792904,False,0.1676520536735142,2.7502132300378674
2024-01-19,3781467.7476024027,3541402.231639053,0.0,506427.2024784969,-92141.93408795002,414285.26839054684,0.1095567372360163,-92141.93408795002,506427.2024784969,False,0.008334064131127583,2.7814677476024063
2024-01-22,3935542.4215730806,3534846.460834967,0.0,483048.113970563,-95463.69484062366,387584.41912993934,0.09848310032318683,-95463.69484062366,483048.113970563,False,0.04074467488672018,2.9355424215730843
2024-01-23,3928930.9427005677,3527838.857977125,0.001679940949504554,488974.049080058,-101897.1700722984,387076.8790077596,0.09851964431365155,-101897.1700722984,488974.049080058,False,-0.0016799409495045214,2.9289309427005716
2024-01-24,3966381.6570828035,3517670.4704496823,0.0,532993.5435954549,-104619.13201721892,428374.411578236,0.10800130915623914,-104619.13201721892,532993.5435954549,False,0.009532036813172828,2.9663816570828074
2024-01-25,3983593.864967879,3510864.4341873867,0.0,577719.725901908,-118602.36764600688,459117.35825590114,0.11525204973665235,-118602.36764600688,577719.725901908,False,0.004339523871672579,2.9835938649678826
2024-01-26,3950894.18868722,3070834.679687553,0.008208586866302537,0.0,0.0,0.0,0.0,0.0,0.0,False,-0.008208586866302547,2.950894188687224
2024-01-29,3070834.679687553,3070834.679687553,0.22912957902340925,0.0,0.0,0.0,0.0,0.0,0.0,True,-0.22274945036988902,2.070834679687556
2024-01-30,3070834.679687553,3070834.679687553,0.22912957902340925,0.0,0.0,0.0,0.0,0.0,0.0,True,0.0,2.070834679687556
2024-01-31,3070834.679687553,3070834.679687553,0.22912957902340925,0.0,0.0,0.0,0.0,0.0,0.0,True,0.0,2.070834679687556
2024-02-01,3070834.679687553,3070834.679687553,0.22912957902340925,0.0,0.0,0.0,0.0,0.0,0.0,True,0.0,2.070834679687556
2024-02-02,3070834.679687553,3070834.679687553,0.22912957902340925,0.0,0.0,0.0,0.0,0.0,0.0,True,0.0,2.070834679687556
2024-02-05,3070834.679687553,3070834.679687553,0.22912957902340925,0.0,0.0,0.0,0.0,0.0,0.0,True,0.0,2.070834679687556
2024-02-06,3070834.679687553,3070834.679687553,0.22912957902340925,0.0,0.0,0.0,0.0,0.0,0.0,True,0.0,2.070834679687556
2024-02-07,3070834.679687553,3070834.679687553,0.22912957902340925,0.0,0.0,0.0,0.0,0.0,0.0,True,0.0,2.070834679687556
2024-02-08,3070834.679687553,3070834.679687553,0.22912957902340925,0.0,0.0,0.0,0.0,0.0,0.0,True,0.0,2.070834679687556
2024-02-09,3070834.679687553,3070834.679687553,0.22912957902340925,0.0,0.0,0.0,0.0,0.0,0.0,True,0.0,2.070834679687556
2024-02-12,3070834.679687553,3070834.679687553,0.22912957902340925,0.0,0.0,0.0,0.0,0.0,0.0,True,0.0,2.070834679687556
2024-02-13,3070834.679687553,3070834.679687553,0.22912957902340925,0.0,0.0,0.0,0.0,0.0,0.0,True,0.0,2.070834679687556
2024-02-14,3070834.679687553,3070834.679687553,0.22912957902340925,0.0,0.0,0.0,0.0,0.0,0.0,True,0.0,2.070834679687556
2024-02-15,3070834.679687553,3070834.679687553,0.22912957902340925,0.0,0.0,0.0,0.0,0.0,0.0,True,0.0,2.070834679687556
2024-02-16,3070834.679687553,3070834.679687553,0.22912957902340925,0.0,0.0,0.0,0.0,0.0,0.0,True,0.0,2.070834679687556
2024-02-20,3070834.679687553,3070834.679687553,0.22912957902340925,0.0,0.0,0.0,0.0,0.0,0.0,True,0.0,2.070834679687556
2024-02-21,3070834.679687553,3070834.679687553,0.22912957902340925,0.0,0.0,0.0,0.0,0.0,0.0,True,0.0,2.070834679687556
2024-02-22,3070834.679687553,3070834.679687553,0.22912957902340925,0.0,0.0,0.0,0.0,0.0,0.0,True,0.0,2.070834679687556
2024-02-23,3070834.679687553,3070834.679687553,0.22912957902340925,0.0,0.0,0.0,0.0,0.0,0.0,True,0.0,2.070834679687556
2024-02-26,3070834.679687553,3070834.679687553,0.22912957902340925,0.0,0.0,0.0,0.0,0.0,0.0,True,0.0,2.070834679687556
2024-02-27,3070834.679687553,3070834.679687553,0.22912957902340925,0.0,0.0,0.0,0.0,0.0,0.0,True,0.0,2.070834679687556
2024-02-28,3070834.679687553,3070834.679687553,0.22912957902340925,0.0,0.0,0.0,0.0,0.0,0.0,True,0.0,2.070834679687556
2024-02-29,3070834.679687553,3070834.679687553,0.22912957902340925,0.0,0.0,0.0,0.0,0.0,0.0,True,0.0,2.070834679687556
2024-03-01,3070834.679687553,3070834.679687553,0.22912957902340925,0.0,0.0,0.0,0.0,0.0,0.0,True,0.0,2.070834679687556
2024-03-04,3070834.679687553,3070834.679687553,0.22912957902340925,0.0,0.0,0.0,0.0,0.0,0.0,True,0.0,2.070834679687556
2024-03-05,3070834.679687553,3070834.679687553,0.22912957902340925,0.0,0.0,0.0,0.0,0.0,0.0,True,0.0,2.070834679687556
2024-03-06,3070834.679687553,3070834.679687553,0.22912957902340925,0.0,0.0,0.0,0.0,0.0,0.0,True,0.0,2.070834679687556
2024-03-07,3070834.679687553,3152875.3936929754,0.22912957902340925,50450.54337294758,-91470.90037565952,-41020.35700271194,-0.013358047984167492,-91470.90037565952,50450.54337294758,True,0.0,2.070834679687556
2024-03-08,3110740.5776900025,3252702.699346359,0.21911201715461887,86020.7966968257,-146779.92323812455,-60759.12654129886,-0.019532045512589108,-146779.92323812455,86020.7966968257,True,0.01299513069407876,2.1107405776900054
2024-03-11,3196564.9841920272,3231381.8458286333,0.19756755017047847,68274.4657830281,-145733.03445508512,-77458.56867205701,-0.02423181416774346,-145733.03445508512,68274.4657830281,True,0.027589702309974262,2.19656498419203
2024-03-12,3172726.2171939947,3284207.2524663173,0.20355178646717353,49454.50963538193,-55284.73163233743,-5830.221996955501,-0.0018376063983585177,-55284.73163233743,49454.50963538193,True,-0.0074576200127081105,2.1727262171939974
2024-03-13,3279393.3831966445,3281093.902128814,0.1767751697691985,43775.838951974474,-51703.058559150326,-7927.219607175852,-0.0024172823083056477,-51703.058559150326,43775.838951974474,True,0.033620034853491854,2.279393383196647
2024-03-14,3283513.716439447,3278674.0878181807,0.17574084413700064,0.0,0.0,0.0,0.0,0.0,0.0,True,0.0012564315290488626,2.2835137164394497
2024-03-15,3278674.0878181807,3278674.0878181807,0.17695573420494318,0.0,0.0,0.0,0.0,0.0,0.0,True,-0.0014739175892690692,2.2786740878181835
2024-03-18,3278674.0878181807,3278674.0878181807,0.17695573420494318,0.0,0.0,0.0,0.0,0.0,0.0,True,0.0,2.2786740878181835
2024-03-19,3278674.0878181807,3278674.0878181807,0.17695573420494318,0.0,0.0,0.0,0.0,0.0,0.0,True,0.0,2.2786740878181835
2024-03-20,3278674.0878181807,3278674.0878181807,0.17695573420494318,0.0,0.0,0.0,0.0,0.0,0.0,True,0.0,2.2786740878181835
2024-03-21,3278674.0878181807,3278674.0878181807,0.17695573420494318,0.0,0.0,0.0,0.0,0.0,0.0,True,0.0,2.2786740878181835
2024-03-22,3278674.0878181807,3278674.0878181807,0.17695573420494318,0.0,0.0,0.0,0.0,0.0,0.0,True,0.0,2.2786740878181835
2024-03-25,3278674.0878181807,3278674.0878181807,0.17695573420494318,0.0,0.0,0.0,0.0,0.0,0.0,True,0.0,2.2786740878181835
2024-03-26,3278674.0878181807,3278674.0878181807,0.17695573420494318,0.0,0.0,0.0,0.0,0.0,0.0,True,0.0,2.2786740878181835
2024-03-27,3278674.0878181807,3278674.0878181807,0.17695573420494318,0.0,0.0,0.0,0.0,0.0,0.0,True,0.0,2.2786740878181835
2024-03-28,3278674.0878181807,3278674.0878181807,0.17695573420494318,0.0,0.0,0.0,0.0,0.0,0.0,True,0.0,2.2786740878181835
2024-04-01,3278674.0878181807,3278674.0878181807,0.17695573420494318,0.0,0.0,0.0,0.0,0.0,0.0,True,0.0,2.2786740878181835
2024-04-02,3278674.0878181807,3278674.0878181807,0.17695573420494318,0.0,0.0,0.0,0.0,0.0,0.0,True,0.0,2.2786740878181835
2024-04-03,3278674.0878181807,3278674.0878181807,0.17695573420494318,0.0,0.0,0.0,0.0,0.0,0.0,True,0.0,2.2786740878181835
2024-04-04,3278674.0878181807,3278674.0878181807,0.17695573420494318,0.0,0.0,0.0,0.0,0.0,0.0,True,0.0,2.2786740878181835
2024-04-05,3278674.0878181807,3278674.0878181807,0.17695573420494318,0.0,0.0,0.0,0.0,0.0,0.0,True,0.0,2.2786740878181835
2024-04-08,3278674.0878181807,3278674.0878181807,0.17695573420494318,0.0,0.0,0.0,0.0,0.0,0.0,True,0.0,2.2786740878181835
2024-04-09,3278674.0878181807,3278674.0878181807,0.17695573420494318,0.0,0.0,0.0,0.0,0.0,0.0,True,0.0,2.2786740878181835
2024-04-10,3278674.0878181807,3278674.0878181807,0.17695573420494318,0.0,0.0,0.0,0.0,0.0,0.0,True,0.0,2.2786740878181835
2024-04-11,3278674.0878181807,3278674.0878181807,0.17695573420494318,0.0,0.0,0.0,0.0,0.0,0.0,True,0.0,2.2786740878181835
2024-04-12,3278674.0878181807,3278674.0878181807,0.17695573420494318,0.0,0.0,0.0,0.0,0.0,0.0,True,0.0,2.2786740878181835
2024-04-15,3278674.0878181807,3278674.0878181807,0.17695573420494318,0.0,0.0,0.0,0.0,0.0,0.0,True,0.0,2.2786740878181835
2024-04-16,3278674.0878181807,3278674.0878181807,0.17695573420494318,0.0,0.0,0.0,0.0,0.0,0.0,True,0.0,2.2786740878181835
2024-04-17,3278674.0878181807,3278674.0878181807,0.17695573420494318,0.0,0.0,0.0,0.0,0.0,0.0,True,0.0,2.2786740878181835
2024-04-18,3278674.0878181807,3278674.0878181807,0.17695573420494318,0.0,0.0,0.0,0.0,0.0,0.0,True,0.0,2.2786740878181835
2024-04-19,3278674.0878181807,3371281.583570561,0.17695573420494318,50319.389918801084,-96623.13779499216,-46303.747876191075,-0.014122705287552466,-96623.13779499216,50319.389918801084,True,0.0,2.2786740878181835
2024-04-22,3329080.7482643453,3378493.492243664,0.16430217007295525,17871.124270018918,-52860.0509031324,-34988.926633113486,-0.01051008650101244,-52860.0509031324,17871.124270018918,True,0.015374099131551189,2.3290807482643485
2024-04-23,3331120.7182319975,3377738.146036482,0.16379007721489766,18040.33258540948,-66168.45280425875,-48128.12021884927,-0.014448026442101868,-66168.45280425875,18040.33258540948,True,0.0006127727507707625,2.3311207182320004
2024-04-24,3329459.506285989,3374869.937461984,0.16420709059585928,14167.186154290703,-65314.03447928155,-51146.848324990846,-0.015361907309107097,-65314.03447928155,14167.186154290703,True,-0.0004986946095697498,2.329459506285992
2024-04-25,3330782.4511242914,3371967.577250613,0.16387499227380484,10627.14851215673,-57616.995061219925,-46989.84654906319,-0.014107750127361807,-57616.995061219925,10627.14851215673,True,0.00039734522549506046,2.330782451124294
2024-04-26,3314005.3205462336,3429929.8339549922,0.1680865487594189,0.0,0.0,0.0,0.0,0.0,0.0,True,-0.005036993806784018,2.314005320546236
2024-04-29,3429929.8339549922,3429929.8339549922,0.1389860637857346,0.0,0.0,0.0,0.0,0.0,0.0,True,0.03498018325138097,2.429929833954995
2024-04-30,3429929.8339549922,3429929.8339549922,0.1389860637857346,0.0,0.0,0.0,0.0,0.0,0.0,True,0.0,2.429929833954995
2024-05-01,3429929.8339549922,3429929.8339549922,0.1389860637857346,0.0,0.0,0.0,0.0,0.0,0.0,True,0.0,2.429929833954995
2024-05-02,3429929.8339549922,3429929.8339549922,0.1389860637857346,0.0,0.0,0.0,0.0,0.0,0.0,True,0.0,2.429929833954995
2024-05-03,3429929.8339549922,3429929.8339549922,0.1389860637857346,0.0,0.0,0.0,0.0,0.0,0.0,True,0.0,2.429929833954995
2024-05-06,3429929.8339549922,3429929.8339549922,0.1389860637857346,0.0,0.0,0.0,0.0,0.0,0.0,True,0.0,2.429929833954995
2024-05-07,3429929.8339549922,3429929.8339549922,0.1389860637857346,0.0,0.0,0.0,0.0,0.0,0.0,True,0.0,2.429929833954995
2024-05-08,3429929.8339549922,3429929.8339549922,0.1389860637857346,0.0,0.0,0.0,0.0,0.0,0.0,True,0.0,2.429929833954995
2024-05-09,3429929.8339549922,3429929.8339549922,0.1389860637857346,0.0,0.0,0.0,0.0,0.0,0.0,True,0.0,2.429929833954995
2024-05-10,3429929.8339549922,3464904.617789955,0.1389860637857346,102391.33209820738,-68683.05796658472,33708.27413162266,0.009827686210348576,102391.33209820738,-68683.05796658472,True,0.0,2.429929833954995
2024-05-13,3496316.3434589827,3482033.1562530273,0.12232108443435043,97704.3549695471,-49164.09083744736,48540.26413209974,0.013883258653900233,97704.3549695471,-49164.09083744736,True,0.019355063432140662,2.4963163434589855
2024-05-14,3529194.7579452842,3456232.936945866,0.11406762898663582,55395.518344308184,-34034.13595921205,21361.382385096134,0.006052763831467562,55395.518344308184,-34034.13595921205,True,0.009403729884972067,2.529194757945287
2024-05-15,3499109.9688496822,3460967.0246121525,0.12161980175208027,80273.43633888292,-32662.31676878005,47611.11957010288,0.013606637114567404,80273.43633888292,-32662.31676878005,True,-0.00852454771102451,2.4991099688496847
2024-05-16,3502535.2104742858,3461766.4897896973,0.12075996469521424,73353.0424270234,-30985.391387345506,42367.651039677905,0.012096281263062824,73353.0424270234,-30985.391387345506,True,0.000978889390472526,2.502535210474288
2024-05-17,3506559.4000162613,3461766.4897896973,0.11974977397839329,74687.73226108492,-29894.822034521512,44792.910226563414,0.012774034350125566,74687.73226108492,-29894.822034521512,True,0.00114893621338652,2.5065594000162634
2024-05-20,3506274.2016706266,3463084.506154274,0.11982136720684529,74680.98106910045,-28855.25282359354,45825.728245506914,0.013069636203487004,74680.98106910045,-28855.25282359354,True,-8.133281461975006e-05,2.506274201670629
2024-05-21,3513039.310136587,3463496.3541227267,0.11812312469134859,79526.89990182874,-29160.24795106412,50366.65195076462,0.01433705902619301,79526.89990182874,-29160.24795106412,True,0.001929429381973824,2.5130393101365893
2024-05-22,3507354.166772884,3463867.4866016083,0.1195502639922946,71049.12671319058,-26820.18158415197,44228.945129038606,0.012610344728811248,71049.12671319058,-26820.18158415197,True,-0.0016182976795332538,2.507354166772886
2024-05-23,3488141.543352463,3464074.9662058433,0.12437320128752911,54466.580084060195,-29985.04372897092,24481.536355089276,0.007018504281096346,54466.580084060195,-29985.04372897092,True,-0.005477811052682635,2.488141543352465
2024-05-24,3496151.653781113,3464288.943129586,0.12236242641936494,66236.89437426973,-33946.22987525706,32290.664499012673,0.009236059443843085,66236.89437426973,-33946.22987525706,True,0.002296383426273474,2.4961516537811157
2024-05-28,3490440.3007516214,3464288.943129586,0.12379614512239791,65884.1675790975,-39732.809957062214,26151.357622035284,0.00749228044851646,65884.1675790975,-39732.809957062214,True,-0.0016336113518745643,2.490440300751624
2024-05-29,3475209.730836326,3464547.0791033823,0.1276194690935574,51608.282666944855,-40429.35898640807,11178.923680536784,0.0032167623097229653,51608.282666944855,-40429.35898640807,True,-0.004363509644332186,2.475209730836329
2024-05-30,3465360.7566194083,3426665.9792452273,0.13009185321472255,0.0,-37067.42234212915,-37067.42234212915,-0.010696555119499258,0.0,-37067.42234212915,True,-0.0028340661369371523,2.465360756619411
2024-05-31,3390013.229726842,3429388.9371741195,0.14900631323414867,0.0,-33929.79158949273,-33929.79158949273,-0.010008749019609783,0.0,-33929.79158949273,True,-0.021743054240064286,2.3900132297268453
2024-06-03,3390334.033454282,3429388.9371741195,0.14892578200071616,0.0,-39054.903719836875,-39054.903719836875,-0.011519485494485428,0.0,-39054.903719836875,True,9.463199866810434e-05,2.3903340334542857
2024-06-04,3389283.355342669,3429388.9371741195,0.14918953331353274,0.0,-40105.581831450305,-40105.581831450305,-0.011833056616004147,0.0,-40105.581831450305,True,-0.00030990400982489064,2.3892833553426724
2024-06-05,3383619.7358567175,3429388.9371741195,0.15061126948391845,0.0,-45769.201317401785,-45769.201317401785,-0.013526697705530798,0.0,-45769.201317401785,True,-0.0016710374708044373,2.3836197358567213
2024-06-06,3388035.605629815,3431351.9132010285,0.1495027554328424,0.0,-39390.35551739609,-39390.35551739609,-0.011626310966727183,0.0,-39390.35551739609,True,0.0013050727084671365,2.3880356056298186
2024-06-07,3389953.0524691013,3431351.9132010285,0.1490214195074739,0.0,-41398.86073192734,-41398.86073192734,-0.012212222438235281,0.0,-41398.86073192734,True,0.000565946484181179,2.3899530524691053
2024-06-10,3431332.9132010285,3431370.9132010285,0.13863384935484718,0.0,0.0,0.0,0.0,0.0,0.0,True,0.012206617640851292,2.4313329132010324
2024-06-11,3431370.9132010285,3431370.9132010285,0.13862431022980382,0.0,0.0,0.0,0.0,0.0,0.0,True,1.1074413635014935e-05,2.431370913201033
2024-06-12,3431370.9132010285,3431370.9132010285,0.13862431022980382,0.0,0.0,0.0,0.0,0.0,0.0,True,0.0,2.431370913201033
2024-06-13,3431370.9132010285,3431370.9132010285,0.13862431022980382,0.0,0.0,0.0,0.0,0.0,0.0,True,0.0,2.431370913201033
2024-06-14,3431370.9132010285,3431370.9132010285,0.13862431022980382,0.0,0.0,0.0,0.0,0.0,0.0,True,0.0,2.431370913201033
2024-06-17,3431370.9132010285,3514002.072081276,0.13862431022980382,61436.02707072767,-102751.60651085188,-41315.57944012421,-0.012040546033999594,-102751.60651085188,61436.02707072767,True,0.0,2.431370913201033
2024-06-18,3477458.933558124,3618252.5010781814,0.12705485261957947,101059.95690922809,-156969.91257890803,-55909.95566967994,-0.01607781910237343,-156969.91257890803,101059.95690922809,True,0.013431372335700464,2.4774589335581285
2024-06-20,3565282.037262727,3684022.04200141,0.10500865346335321,143503.84397835375,-264900.1976663264,-121396.35368797267,-0.034049579365445004,-264900.1976663264,143503.84397835375,True,0.025254965013991493,2.5652820372627314
2024-06-21,3571980.9394703577,3693767.28545528,0.10332703067882654,109301.61573172313,-211597.47480890583,-102295.8590771827,-0.028638411237533315,-211597.47480890583,109301.61573172313,True,0.0018789263058620609,2.571980939470362
2024-06-24,3598652.918263722,3855647.471496694,0.09663157434028748,168328.23927192925,-230845.86913098823,-62517.62985905897,-0.017372508902365188,-230845.86913098823,168328.23927192925,True,0.007466999193259882,2.598652918263727
2024-06-25,3811844.9093259913,3866169.7836066037,0.04311407273524167,127316.21274355076,-160596.4628043424,-33280.25006079163,-0.008730746096035746,-160596.4628043424,127316.21274355076,True,0.059242165305880556,2.811844909325996
2024-06-26,3844314.714605832,3991700.391154189,0.03496319029579838,193615.48487895555,-221986.30556440575,-28370.82068545019,-0.007379942276229361,-221986.30556440575,193615.48487895555,True,0.008518133883254508,2.844314714605837
2024-06-27,3977608.6871931874,4100125.4144633426,0.0015024568210443684,244832.97626487553,-286764.1672758812,-41931.19101100569,-0.010541808988403676,-286764.1672758812,244832.97626487553,True,0.03467301261286626,2.9776086871931926
2024-06-28,4068474.852141793,4175469.444871031,0.0,222325.02361417867,-178631.55552803975,43693.46808613892,0.010739520256131629,-178631.55552803975,222325.02361417867,False,0.022844420377793773,3.068474852141798
2024-07-01,4230878.586898402,4150663.4009227483,0.0,192830.45409731814,-162227.3560182295,30603.09807908864,0.00723327258169404,-162227.3560182295,192830.45409731814,False,0.039917595821223895,3.230878586898408
2024-07-02,4198495.760001205,4215853.711416113,0.007653924883941611,176935.8206672707,-63913.15109544669,113022.669571824,0.026919800812610934,-63913.15109544669,176935.8206672707,False,-0.007653924883941565,3.1984957600012107
2024-07-03,4311597.368663785,4202553.852329565,0.0,156161.84709749965,-73718.04893637332,82443.79816112632,0.019121404693378554,-73718.04893637332,156161.84709749965,False,0.02693860256811309,3.311597368663791
2024-07-05,4285372.464031507,4207389.428868653,0.006082410389911986,412001.0210954991,-344464.7936389847,67536.22745651443,0.01575971004232828,-344464.7936389847,412001.0210954991,False,-0.006082410389911974,3.2853724640315134
2024-07-08,4273069.509233765,4153375.174487555,0.008935866718454739,562630.9925195624,-584917.4249717686,-22286.432452206267,-0.005215555797547185,-584917.4249717686,562630.9925195624,False,-0.0028709184326460857,3.273069509233771
2024-07-09,4156866.1767653753,4226095.207980032,0.03588720807350403,776760.7457274718,-721705.0820282695,55055.66369920224,0.013244511937125497,-721705.0820282695,776760.7457274718,False,-0.02719434641006513,3.156866176765381
2024-07-10,4182096.6427699463,4292057.026464465,0.030035440422854838,908598.0545645528,-903402.529662759,5195.524901793804,0.0012423254041189803,-903402.529662759,908598.0545645528,False,0.006069588226244926,3.1820966427699515
2024-07-11,4375385.561985059,4151690.2301489837,0.0,829894.8270965683,-917242.1192724119,-87347.29217584361,-0.019963336016544157,-917242.1192724119,829894.8270965683,False,0.046218185691445646,3.3753855619850643
2024-07-12,4031301.803385225,4176943.428360354,0.07864078576054152,996697.9879840366,-1104471.8801888742,-107773.89220483764,-0.0267342653716316,-1104471.8801888742,996697.9879840366,False,-0.07864078576054156,3.0313018033852304
2024-07-15,4021061.032887553,4071066.1291881194,0.08098132703458324,1118808.697284709,-1392438.1407549162,-273629.4434702073,-0.06804906496873339,-1392438.1407549162,1118808.697284709,False,-0.002540313525787763,3.021061032887558
2024-07-16,3740534.128967059,4283628.695880609,0.14509611187956098,1123889.748500412,-1241859.1820289819,-117969.43352856976,-0.031538125161057355,-1241859.1820289819,1123889.748500412,False,-0.06976439840781168,2.7405341289670635
2024-07-17,4584901.636204131,4341006.287749589,0.0,984188.1215922226,-625537.5893997202,358650.5321925024,0.07822425880644006,-625537.5893997202,984188.1215922226,False,0.22573447484363474,3.584901636204136
2024-07-18,4812625.924640667,4720224.760635149,0.0,919038.4916598557,-68200.38188321849,850838.1097766372,0.17679290331300054,-68200.38188321849,919038.4916598557,False,0.04966830403477762,3.812625924640672
2024-07-19,5608290.90875467,4712205.491874924,0.0,929380.5291141396,-49333.649754845734,880046.8793592938,0.1569189069678109,-49333.649754845734,929380.5291141396,False,0.16532865769603977,4.608290908754677
2024-07-22,5408686.757926077,4653921.455285588,0.03559090533570696,711079.6330727795,-72882.40361095863,638197.2294618209,0.11799485864597069,-72882.40361095863,711079.6330727795,False,-0.03559090533570697,4.408686757926083
2024-07-23,5255651.55310738,4634469.234897297,0.0628782210810092,649193.0501813637,-66915.17274787636,582277.8774334873,0.11079080710539461,-66915.17274787636,649193.0501813637,False,-0.02829433680817872,4.255651553107386
2024-07-24,5456671.571861841,3812266.8979327544,0.027034855958728538,0.0,0.0,0.0,0.0,0.0,0.0,False,0.03824835355296874,4.456671571861847
2024-07-25,3812266.8979327544,3812266.8979327544,0.3202444452405779,0.0,0.0,0.0,0.0,0.0,0.0,True,-0.30135672493259624,2.8122668979327585
2024-07-26,3812266.8979327544,3812266.8979327544,0.3202444452405779,0.0,0.0,0.0,0.0,0.0,0.0,True,0.0,2.8122668979327585
2024-07-29,3812266.8979327544,3812266.8979327544,0.3202444452405779,0.0,0.0,0.0,0.0,0.0,0.0,True,0.0,2.8122668979327585
2024-07-30,3812266.8979327544,3812266.8979327544,0.3202444452405779,0.0,0.0,0.0,0.0,0.0,0.0,True,0.0,2.8122668979327585
2024-07-31,3812266.8979327544,3812266.8979327544,0.3202444452405779,0.0,0.0,0.0,0.0,0.0,0.0,True,0.0,2.8122668979327585
2024-08-01,3812266.8979327544,3812266.8979327544,0.3202444452405779,0.0,0.0,0.0,0.0,0.0,0.0,True,0.0,2.8122668979327585
2024-08-02,3812266.8979327544,3812266.8979327544,0.3202444452405779,0.0,0.0,0.0,0.0,0.0,0.0,True,0.0,2.8122668979327585
2024-08-05,3812266.8979327544,3812266.8979327544,0.3202444452405779,0.0,0.0,0.0,0.0,0.0,0.0,True,0.0,2.8122668979327585
2024-08-06,3812266.8979327544,3812266.8979327544,0.3202444452405779,0.0,0.0,0.0,0.0,0.0,0.0,True,0.0,2.8122668979327585
2024-08-07,3812266.8979327544,3812266.8979327544,0.3202444452405779,0.0,0.0,0.0,0.0,0.0,0.0,True,0.0,2.8122668979327585
2024-08-08,3812266.8979327544,3812266.8979327544,0.3202444452405779,0.0,0.0,0.0,0.0,0.0,0.0,True,0.0,2.8122668979327585
2024-08-09,3812266.8979327544,3812266.8979327544,0.3202444452405779,0.0,0.0,0.0,0.0,0.0,0.0,True,0.0,2.8122668979327585
2024-08-12,3812266.8979327544,3812266.8979327544,0.3202444452405779,0.0,0.0,0.0,0.0,0.0,0.0,True,0.0,2.8122668979327585
2024-08-13,3812266.8979327544,3812266.8979327544,0.3202444452405779,0.0,0.0,0.0,0.0,0.0,0.0,True,0.0,2.8122668979327585
2024-08-14,3812266.8979327544,3812266.8979327544,0.3202444452405779,0.0,0.0,0.0,0.0,0.0,0.0,True,0.0,2.8122668979327585
2024-08-15,3812266.8979327544,3842517.0354614784,0.3202444452405779,112916.51940340194,-71583.3284660628,41333.19093733914,0.010842155610813224,112916.51940340194,-71583.3284660628,True,0.0,2.8122668979327585
2024-08-16,3883557.385878727,3859442.8983395775,0.3075328207714038,110974.43515480569,-53008.221859457255,57966.21329534843,0.014926060705610637,110974.43515480569,-53008.221859457255,True,0.018700287743397714,2.8835573858787313
2024-08-19,3916432.5000548027,3831573.9090921194,0.30167094329198185,68778.85834061599,-39658.24587284935,29120.612467766638,0.007435494539318411,68778.85834061599,-39658.24587284935,True,0.008465206229632427,2.916432500054807
2024-08-20,3858312.866208259,3837661.1643716516,0.3120341064716624,65544.74370946069,-32718.531313788626,32826.21239567206,0.008507918754637408,65544.74370946069,-32718.531313788626,True,-0.014839942689100494,2.858312866208263
2024-08-21,3873645.033130415,3838888.6768984827,0.30930026702367264,68895.88221454876,-31684.500928955462,37211.38128559331,0.009606296128667632,68895.88221454876,-31684.500928955462,True,0.003973800843481978,2.8736450331304186
2024-08-22,3868775.615418107,3846370.836901706,0.3101685204348334,56999.373540169676,-19630.27501732251,37369.09852284717,0.009659153757566426,56999.373540169676,-19630.27501732251,True,-0.0012570634817234971,2.868775615418111
2024-08-23,3895241.5764528206,3846370.836901706,0.305449442650655,71135.56568026642,-22264.82612915246,48870.739551113955,0.012546266667141558,71135.56568026642,-22264.82612915246,True,0.006840913939087034,2.895241576452825
2024-08-26,3889867.661348588,3847326.7648277017,0.3064076517007319,64395.3056294793,-19942.553256600993,44452.752372878305,0.011427831546707908,64395.3056294793,-19942.553256600993,True,-0.0013796102241049324,2.889867661348592
2024-08-27,3892754.0684756967,3847326.7648277017,0.3058929838323795,65152.992878336045,-19725.68923034175,45427.3036479943,0.011669708090699516,65152.992878336045,-19725.68923034175,True,0.0007420322176483474,2.892754068475701
2024-08-28,3884247.1366678444,3856599.4063297375,0.3074098330733083,54812.73226598713,-8619.718923808457,46193.013342178674,0.01189239811908724,54812.73226598713,-8619.718923808457,True,-0.0021853247490621897,2.884247136667849
2024-08-29,3901179.1434927974,3894544.5289722164,0.3043907302663334,169504.9829730869,-85880.30305818991,83624.679914897,0.02143574464002345,169504.9829730869,-85880.30305818991,True,0.004359147662133189,2.901179143492802
2024-08-30,3990210.4701801892,3903722.8449846646,0.2885157822410069,255842.59580497013,-147669.97390331782,108172.62190165231,0.027109502796920752,255842.59580497013,-147669.97390331782,True,0.022821645305854954,2.9902104701801937
2024-09-03,3961328.7088430775,3872158.3685339084,0.29366561519493345,207017.06265848188,-179720.73713523542,27296.325523246458,0.006890699441909849,207017.06265848188,-179720.73713523542,True,-0.007238154867506896,2.961328708843082
2024-09-04,3898751.8723403336,3926296.3319819765,0.30482353077400226,328113.84109542606,-249037.65754916196,79076.1835462641,0.02028243554232561,328113.84109542606,-249037.65754916196,True,-0.015796931055746644,2.898751872340338
2024-09-05,4007256.2220076094,3882777.2797823683,0.28547639785372203,209714.7800782561,-172273.94225223182,37440.837826024275,0.009343260263818782,209714.7800782561,-172273.94225223182,True,0.02783053480193476,3.007256222007614
2024-09-06,3990793.297726168,3899319.6593995406,0.2884118597527727,305170.7373999121,-180612.33983893876,124558.39756097333,0.03121143799453179,305170.7373999121,-180612.33983893876,True,-0.004108278425279721,2.990793297726172
2024-09-09,3972053.90666151,3919331.8482464585,0.2917532326183288,225996.75412936095,-133250.31802047184,92746.43610888912,0.023349742548394063,225996.75412936095,-133250.31802047184,True,-0.004695655642033669,2.972053906661514
2024-09-10,3984403.986831849,3935841.817479632,0.2895511214277235,203536.90639892602,-121954.79858036227,81582.10781856375,0.0204753604524507,203536.90639892602,-121954.79858036227,True,0.0031092428402410555,2.984403986831853
2024-09-11,3987719.1912981523,3862584.4012056594,0.28895999580313647,72615.78494372284,-93995.82739917487,-21380.04245545203,-0.005361471415065217,72615.78494372284,-93995.82739917487,True,0.000832045263798431,2.987719191298156
2024-09-12,3828540.249626921,3870858.62494902,0.317342785544437,57146.87260017106,-82916.8004355483,-25769.92783537724,-0.006731006115944174,57146.87260017106,-82916.8004355483,True,-0.03991728956707519,2.8285402496269247
2024-09-13,3835507.665553202,3824796.2201359062,0.31610044344064125,0.0,-81413.36420893288,-81413.36420893288,-0.02122622904396946,0.0,-81413.36420893288,True,0.0018198622639424844,2.8355076655532057
2024-09-16,3746929.3358783214,3825772.861545619,0.3318946187279124,0.0,-76890.2428478725,-76890.2428478725,-0.02052086814438111,0.0,-76890.2428478725,True,-0.023094290873253875,2.746929335878325
2024-09-17,3754304.9951186916,3826696.944483441,0.3305794838034996,0.0,-70543.78348910598,-70543.78348910598,-0.01879010458149412,0.0,-70543.78348910598,True,0.001968454320647295,2.754304995118695
2024-09-18,3764672.4935038784,3826696.944483441,0.32873088169746356,0.0,-62024.450979563335,-62024.450979563335,-0.01647539091025567,0.0,-62024.450979563335,True,0.0027614960421880053,2.764672493503882
2024-09-19,3783031.6493445444,3839487.483339856,0.32545730760165353,0.0,-30874.756282480652,-30874.756282480652,-0.00816137932333452,0.0,-30874.756282480652,True,0.004876694021151984,2.7830316493445473
2024-09-20,3807446.8641987224,3839824.3692045496,0.32110389312094867,0.0,-31703.7332764397,-31703.7332764397,-0.008326769724496669,0.0,-31703.7332764397,True,0.00645387538811848,2.807446864198725
2024-09-23,3806331.9795478033,3841025.002197347,0.3213026853499999,0.0,-32291.75666394858,-32291.75666394858,-0.008483694233046084,0.0,-32291.75666394858,True,-0.00029281686407822693,2.806331979547806
2024-09-24,3810389.190502095,3841509.053172438,0.32057925444737706,0.0,-30151.760720161546,-30151.760720161546,-0.007913039643120668,0.0,-30151.760720161546,True,0.0010659109547175305,2.810389190502098
2024-09-25,3811307.766631942,3841509.053172438,0.3204154654883534,0.0,-30201.286540495366,-30201.286540495366,-0.007924126937453882,0.0,-30201.286540495366,True,0.00024107147168495047,2.811307766631945
2024-09-26,3813984.37611338,3841509.053172438,0.3199382061013163,0.0,-27524.677059057074,-27524.677059057074,-0.007216777612263307,0.0,-27524.677059057074,True,0.0007022811185366518,2.8139843761133827
2024-09-27,3816206.225302,3841509.053172438,0.31954203385833374,0.0,-25302.827870437763,-25302.827870437763,-0.006630361772033269,0.0,-25302.827870437763,True,0.000582553301092581,2.816206225302003
2024-09-30,3830580.9228708427,3841530.053172438,0.3169789183205139,0.0,-10907.130301595025,-10907.130301595025,-0.0028473828177008297,0.0,-10907.130301595025,True,0.0037667507257694854,2.8305809228708454
2024-10-01,3829196.779002375,3841530.053172438,0.3172257214715964,0.0,-12333.274170062832,-12333.274170062832,-0.0032208514949383284,0.0,-12333.274170062832,True,-0.0003613404588853619,2.8291967790023778
2024-10-02,3829429.883503298,3841530.053172438,0.3171841572045647,0.0,-12100.16966913999,-12100.16966913999,-0.0031597835806489102,0.0,-12100.16966913999,True,6.087556069234168e-05,2.829429883503301
2024-10-03,3834341.9908232987,3841541.053172438,0.3163082919187014,0.0,-7177.062349138862,-7177.062349138862,-0.0018717846155391644,0.0,-7177.062349138862,True,0.0012827254890241946,2.8343419908233014
2024-10-04,3841533.053172438,3841549.053172438,0.31502607199356986,0.0,0.0,0.0,0.0,0.0,0.0,True,0.0018754358287156325,2.8415330531724403
2024-10-07,3841549.053172438,3841549.053172438,0.3150232190745148,0.0,0.0,0.0,0.0,0.0,0.0,True,4.165003861356098e-06,2.8415490531724403
2024-10-08,3841549.053172438,3841549.053172438,0.3150232190745148,0.0,0.0,0.0,0.0,0.0,0.0,True,0.0,2.8415490531724403
2024-10-09,3841549.053172438,3841549.053172438,0.3150232190745148,0.0,0.0,0.0,0.0,0.0,0.0,True,0.0,2.8415490531724403
2024-10-10,3841549.053172438,3841549.053172438,0.3150232190745148,0.0,0.0,0.0,0.0,0.0,0.0,True,0.0,2.8415490531724403
2024-10-11,3841549.053172438,3841549.053172438,0.3150232190745148,0.0,0.0,0.0,0.0,0.0,0.0,True,0.0,2.8415490531724403
2024-10-14,3841549.053172438,3841549.053172438,0.3150232190745148,0.0,0.0,0.0,0.0,0.0,0.0,True,0.0,2.8415490531724403
2024-10-15,3841549.053172438,3841549.053172438,0.3150232190745148,0.0,0.0,0.0,0.0,0.0,0.0,True,0.0,2.8415490531724403
2024-10-16,3841549.053172438,3841549.053172438,0.3150232190745148,0.0,0.0,0.0,0.0,0.0,0.0,True,0.0,2.8415490531724403
2024-10-17,3841549.053172438,3841549.053172438,0.3150232190745148,0.0,0.0,0.0,0.0,0.0,0.0,True,0.0,2.8415490531724403
2024-10-18,3841549.053172438,3841549.053172438,0.3150232190745148,0.0,0.0,0.0,0.0,0.0,0.0,True,0.0,2.8415490531724403
2024-10-21,3841549.053172438,3841549.053172438,0.3150232190745148,0.0,0.0,0.0,0.0,0.0,0.0,True,0.0,2.8415490531724403
2024-10-22,3841549.053172438,3841549.053172438,0.3150232190745148,0.0,0.0,0.0,0.0,0.0,0.0,True,0.0,2.8415490531724403
2024-10-23,3841549.053172438,3841549.053172438,0.3150232190745148,0.0,0.0,0.0,0.0,0.0,0.0,True,0.0,2.8415490531724403
2024-10-24,3841549.053172438,3841549.053172438,0.3150232190745148,0.0,0.0,0.0,0.0,0.0,0.0,True,0.0,2.8415490531724403
2024-10-25,3841549.053172438,3841549.053172438,0.3150232190745148,0.0,0.0,0.0,0.0,0.0,0.0,True,0.0,2.8415490531724403
2024-10-28,3841549.053172438,3841549.053172438,0.3150232190745148,0.0,0.0,0.0,0.0,0.0,0.0,True,0.0,2.8415490531724403
2024-10-29,3841549.053172438,3841549.053172438,0.3150232190745148,0.0,0.0,0.0,0.0,0.0,0.0,True,0.0,2.8415490531724403
2024-10-30,3841549.053172438,3841549.053172438,0.3150232190745148,0.0,0.0,0.0,0.0,0.0,0.0,True,0.0,2.8415490531724403
2024-10-31,3841549.053172438,3841549.053172438,0.3150232190745148,0.0,0.0,0.0,0.0,0.0,0.0,True,0.0,2.8415490531724403
2024-11-01,3841549.053172438,3841549.053172438,0.3150232190745148,0.0,0.0,0.0,0.0,0.0,0.0,True,0.0,2.8415490531724403
2024-11-04,3841549.053172438,3841549.053172438,0.3150232190745148,0.0,0.0,0.0,0.0,0.0,0.0,True,0.0,2.8415490531724403
2024-11-05,3841549.053172438,3841549.053172438,0.3150232190745148,0.0,0.0,0.0,0.0,0.0,0.0,True,0.0,2.8415490531724403
2024-11-06,3841549.053172438,3879335.1775271175,0.3150232190745148,113268.70014122676,-75527.41224795405,37741.2878932727,0.009824497193939278,113268.70014122676,-75527.41224795405,True,0.0,2.8415490531724403
2024-11-07,3912350.437444024,3904861.121837314,0.30239880542987607,181406.7356164342,-124074.30824199226,57332.42737444193,0.014654215743489931,181406.7356164342,-124074.30824199226,True,0.018430425667249173,2.9123504374440263
2024-11-08,3970538.664528919,3916046.612001914,0.2920234115653991,253100.08772776526,-171926.3526730899,81173.73505467537,0.020444010728278894,253100.08772776526,-171926.3526730899,True,0.014872958855626006,2.9705386645289216
2024-11-11,3994017.7502027657,3970952.5831825193,0.2878369158832305,245451.05573468836,-112573.94635323084,132877.1093814575,0.033269033262236174,245451.05573468836,-112573.94635323084,True,0.005913325031587924,2.9940177502027683
2024-11-12,4090595.530468134,3943336.17277333,0.2706163790322251,175712.49938630627,-83685.96250988022,92026.53687642605,0.022497100041053042,175712.49938630627,-83685.96250988022,True,0.024180608676680482,3.0905955304681374
2024-11-13,4033389.364549797,3956916.319906108,0.2808166640832443,166764.48493121495,-63131.14602196851,103633.33890924643,0.025693859318442935,166764.48493121495,-63131.14602196851,True,-0.013984801355266363,3.0333893645498
2024-11-14,4053818.1430555824,3880192.744484964,0.2771740608663007,65588.14467081249,-45409.8969424831,20178.247728329385,0.004977590759194724,65588.14467081249,-45409.8969424831,True,0.005064916044391188,3.053818143055585
2024-11-15,3925786.4291603523,3883399.8625362054,0.3000030681304156,99444.22758400218,-50643.424857371,48800.80272663118,0.012430834842197133,99444.22758400218,-50643.424857371,True,-0.031582993952147476,2.925786429160355
2024-11-18,3920095.8467923324,3884951.735353521,0.3010177413099286,85006.96328535322,-46759.10621191059,38247.85707344263,0.00975686783391774,85006.96328535322,-46759.10621191059,True,-0.0014495394669844508,2.920095846792335
2024-11-19,3916754.0070288735,3884951.735353521,0.30161361620619015,78133.60233035024,-46331.33065499806,31802.27167535218,0.008119547875174419,78133.60233035024,-46331.33065499806,True,-0.0008524892997688882,2.9167540070288758
2024-11-20,3917870.1628410267,3884951.735353521,0.30141459731963227,78728.16493560636,-45809.73744810046,32918.4274875059,0.008402123122843674,78728.16493560636,-45809.73744810046,True,0.00028496959731194593,2.917870162841029
2024-11-21,3905922.932094666,3884951.735353521,0.30354487746036296,65319.100225426766,-44347.903484281276,20971.19674114549,0.005369075915151011,65319.100225426766,-44347.903484281276,True,-0.00304941977395623,2.9059229320946685
2024-11-22,3893484.852335349,3885441.2703190437,0.30576267963248294,52841.14255099885,-43818.490603648555,9022.651947350292,0.0023173717863415907,52841.14255099885,-43818.490603648555,True,-0.003184415047494782,2.893484852335351
2024-11-25,3883896.725878722,3845289.903186232,0.3074723139243953,0.0,-41695.91157313326,-41695.91157313326,-0.01073558709615268,0.0,-41695.91157313326,True,-0.0024626078745050295,2.8838967258787243
2024-11-26,3805823.5469984366,3881343.1236898964,0.3213933426567693,112387.58971960857,-113686.7612994322,-1299.1715798236255,-0.0003413641131229669,112387.58971960857,-113686.7612994322,True,-0.020101764900203878,2.8058235469984387
2024-11-27,3878190.5823808573,3886393.997117168,0.30848976176914905,175606.73748451576,-168732.16514854506,6874.572335970704,0.0017726236475336754,175606.73748451576,-168732.16514854506,True,0.019014816238523524,2.87819058238086
2024-11-29,3885094.2831077836,3874593.151570803,0.30725878055949934,180526.78195621975,-186462.80256020898,-5936.020603989222,-0.0015278961516580882,180526.78195621975,-186462.80256020898,True,0.0017801344674217567,2.8850942831077866
2024-12-02,3869658.4104516734,3870906.1099762907,0.31001111151152155,122419.27084261,-131041.05355625154,-8621.782713641544,-0.0022280474913120804,122419.27084261,-131041.05355625154,True,-0.003973101173689542,2.8696584104516765
2024-12-03,3852601.339501994,3881718.959719739,0.3130525141825301,121927.82417977921,-129419.74491062587,-7491.9207308466575,-0.0019446394969626158,121927.82417977921,-129419.74491062587,True,-0.0044079009412327785,2.852601339501997
2024-12-04,3882552.0012081135,3882829.0742340554,0.30771208833918345,147460.765729524,-145517.60972683385,1943.1560026901425,0.0005004842181342325,147460.765729524,-145517.60972683385,True,0.007774139877652297,2.8825520012081163
2024-12-05,3873404.222710579,3883218.776274425,0.30934320531338577,138570.13693066785,-147605.2864137717,-9035.149483103858,-0.0023326120806418517,138570.13693066785,-147605.2864137717,True,-0.0023561251709411923,2.873404222710582
2024-12-06,3880209.9195555057,3887504.587800031,0.30812969892513786,140047.21394451655,-138770.25913783,1276.9548066865536,0.0003290942585995023,140047.21394451655,-138770.25913783,True,0.0017570324328721743,2.8802099195555084
2024-12-09,3872681.935810675,3888210.555813632,0.30947199444213386,119496.98638386276,-133613.67035961954,-14116.68397575678,-0.0036451958125504336,119496.98638386276,-133613.67035961954,True,-0.001940097031063015,2.8726819358106774
2024-12-10,3859017.836245129,3847395.765289214,0.31190840506844714,55704.74930155565,-125712.25939447696,-70007.51009292132,-0.018141276631423783,55704.74930155565,-125712.25939447696,True,-0.003528329925366225,2.8590178362451315
2024-12-11,3777294.7993477657,3847395.765289214,0.32648023064364895,70176.35915300492,-140277.3250944529,-70100.965941448,-0.018558510697537427,70176.35915300492,-140277.3250944529,True,-0.021177159672545187,2.7772947993477684
2024-12-12,3764616.234339918,3847743.906082037,0.32874091312501885,57788.337370964815,-140219.72752743884,-82431.39015647402,-0.021896359422922007,57788.337370964815,-140219.72752743884,True,-0.00335651985914287,2.7646162343399205
2024-12-13,3749815.8554461724,3847743.906082037,0.331379930810539,55738.32129123659,-153666.37192710096,-97928.05063586438,-0.026115429239981277,55738.32129123659,-153666.37192710096,True,-0.003931444262164074,2.749815855446175
2024-12-16,3723920.505995885,3847743.906082037,0.3359972643033263,63381.862094140684,-187205.2621802917,-123823.40008615101,-0.033250817219858196,63381.862094140684,-187205.2621802917,True,-0.006905765629178107,2.723920505995888
2024-12-17,3710919.224733308,3847743.906082037,0.33831548949422746,54568.70139791107,-191393.3827466399,-136824.68134872883,-0.036870832551889346,54568.70139791107,-191393.3827466399,True,-0.00349128861414838,2.7109192247333107
2024-12-18,3722779.1443494703,3817862.7804186433,0.33620077757768824,0.0,-154845.887395961,-154845.887395961,-0.04159416430356608,0.0,-154845.887395961,True,0.0031959519725235364,2.7227791443494724
2024-12-19,3659933.353685646,3817862.7804186433,0.3474066496849501,0.0,-157929.4267329966,-157929.4267329966,-0.04315090234469916,0.0,-157929.4267329966,True,-0.01688141794799014,2.659933353685648
2024-12-20,3654807.3773825816,3818984.870265618,0.34832064940188034,0.0,-161933.31318908773,-161933.31318908773,-0.044306935077125055,0.0,-161933.31318908773,True,-0.0014005654769375653,2.6548073773825833
2024-12-23,3650685.565172598,3819140.791810727,0.34905559918908724,0.0,-168143.38354791,-168143.38354791,-0.046058029525191516,0.0,-168143.38354791,True,-0.0011277782340844977,2.6506855651726
2024-12-24,3632165.9669012525,3819913.9407483623,0.35235778136413026,0.0,-186201.67597183946,-186201.67597183946,-0.051264638694551626,0.0,-186201.67597183946,True,-0.005072909715375662,2.6321659669012543
2024-12-26,3663395.732041816,3819931.9407483623,0.34678928186068736,0.0,-156500.2087065465,-156500.2087065465,-0.04271998444986999,0.0,-156500.2087065465,True,0.008598110721027119,2.663395732041818
2024-12-27,3745213.752437837,3823200.184707015,0.33220052002090816,0.0,-71449.94435187272,-71449.94435187272,-0.019077667944950933,0.0,-71449.94435187272,True,0.022333929059424662,2.745213752437839
2024-12-30,3823156.184707015,3823244.184707015,0.3183028043821727,0.0,0.0,0.0,0.0,0.0,0.0,True,0.020811210633423505,2.8231561847070172
