date,portfolio_value,spy_benchmark_value
2019-11-04,1000000.0,1000000.0
2019-11-05,1000000.0,998893.7162348147
2019-11-06,1000000.0,999121.6868965449
2019-11-07,1000000.0,1002635.3710729848
2019-11-08,1000000.0,1005107.7517580835
2019-11-11,1000000.0,1003188.3510445949
2019-11-12,1000000.0,1005302.9084609282
2019-11-13,1000000.0,1005628.3495334273
2019-11-14,1000000.0,1007092.5645080319
2019-11-15,1000000.0,1014380.3936595656
2019-11-18,1000000.0,1015128.5303340207
2019-11-19,1000000.0,1014835.5793984459
2019-11-20,1000000.0,1011061.4344233518
2019-11-21,1000000.0,1009435.0925860953
2019-11-22,1000000.0,1011679.9343720828
2019-11-25,1000000.0,1019520.635554573
2019-11-26,1000000.0,1021830.3496737477
2019-11-27,1000000.0,1026385.1214602205
2019-11-29,1000000.0,1022578.7022295136
2019-12-02,1000000.0,1013892.1780804922
2019-12-03,1000000.0,1007092.5645080317
2019-12-04,1000000.0,1013306.6000313004
2019-12-05,1000000.0,1015128.5303340207
2019-12-06,1000000.0,1024400.6325322338
2019-12-09,1000000.0,1021179.6834100613
2019-12-10,1000000.0,1020041.1253892595
2019-12-11,1000000.0,1022936.5254982796
2019-12-12,1000000.0,1031753.3340169586
2019-12-13,1000000.0,1032371.510143721
2019-12-16,1000000.0,1039463.8587704488
2019-12-17,1000000.0,1039691.7214915216
2019-12-18,1000000.0,1039756.8097060235
2019-12-19,1000000.0,1044018.6305569184
2019-12-20,1000000.0,1048596.0698807787
2019-12-23,1000000.0,1050197.801248873
2019-12-24,1000000.0,1050230.3993264507
2019-12-26,1000000.0,1055821.401393512
2019-12-27,1000000.0,1055559.4294257015
2019-12-30,1000000.0,1049740.240815599
2019-12-31,1000000.0,1052290.3387717423
2020-01-02,1000000.0,1062130.9643957745
2020-01-03,980805.9645245512,1054088.4141898763
2020-01-06,972964.0410182693,1058109.8512038097
2020-01-07,943462.2035013268,1055134.4670700051
2020-01-08,908167.9320159556,1060757.9592739907
2020-01-09,877318.9594191565,1067950.8006498036
2020-01-10,872997.0612887933,1064877.2984613043
2020-01-13,856304.6449730891,1072200.9639100437
2020-01-14,843049.8138778605,1070566.3106424103
2020-01-15,835980.6841656844,1072985.4765849733
2020-01-16,832345.5924907621,1081911.1972237646
2020-01-17,834064.1831507243,1085278.6218137264
2020-01-21,838832.1623193411,1083153.2703319718
2020-01-22,840592.4541222035,1083284.2023455484
2020-01-23,837477.4557935637,1084526.3833944097
2020-01-24,842909.1621144327,1074881.6700578022
2020-01-27,844660.7729411988,1057652.0748892245
2020-01-28,895060.8898954422,1068735.4212653867
2020-01-29,759684.9365568659,1067852.6825951086
2020-01-30,759684.9365568659,1071318.009358454
2020-01-31,759684.9365568659,1051865.268475392
2020-02-03,759684.9365568659,1059678.984494326
2020-02-04,759684.9365568659,1075829.928705197
2020-02-05,759684.9365568659,1088253.5741849118
2020-02-06,759684.9365568659,1091915.244998301
2020-02-07,759684.9365568659,1086095.7325662333
2020-02-10,759684.9365568659,1094204.12657121
2020-02-11,759684.9365568659,1096100.320044039
2020-02-12,759684.9365568659,1103162.121465618
2020-02-13,759684.9365568659,1101985.2445125664
2020-02-14,759684.9365568659,1103750.8297937799
2020-02-18,759684.9365568659,1100906.269732902
2020-02-19,759684.9365568659,1106170.1036769967
2020-02-20,759684.9365568659,1101625.4783120218
2020-02-21,759684.9365568659,1090280.807611975
2020-02-24,759684.9365568659,1054120.9043268003
2020-02-25,759684.9365568659,1022179.4297495214
2020-02-26,771433.3471518992,1018419.1011781722
2020-02-27,778934.8795984382,972680.3283554683
2020-02-28,797858.1541348554,968593.5872457327
2020-03-02,825253.2852341043,1010539.865182121
2020-03-03,829946.1007335982,981605.8331129523
2020-03-04,833512.3308400384,1022865.5005477985
2020-03-05,899582.9374616977,988863.7627032673
2020-03-06,910719.8997315826,972516.6903236602
2020-03-09,918700.2640722952,896568.4046910991
2020-03-10,949584.4238786468,942961.2439080976
2020-03-11,958300.9060812528,896993.6368984333
2020-03-12,940149.5463006804,811171.6958016468
2020-03-13,1135158.6783150805,880515.9023568841
2020-03-16,1098941.871016997,784166.3473422312
2020-03-17,971907.6470658171,826505.0974973954
2020-03-18,911581.074129594,784656.9376156983
2020-03-19,904036.0923016994,786324.1889609097
2020-03-20,895443.8783031392,752438.2174680345
2020-03-23,886680.2308679947,733199.7387836152
2020-03-24,866395.6704279666,799630.0334076338
2020-03-25,864474.0104618818,811600.6519615512
2020-03-26,859047.3366590337,858989.7294467511
2020-03-27,844480.0016482086,833404.1244123963
2020-03-30,843035.3228018011,860469.5958162184
2020-03-31,835403.5104418211,847643.9253698323
2020-04-01,831594.5761315993,809495.8631744278
2020-04-02,754549.828057446,828175.2632402696
2020-04-03,754549.828057446,816204.6986566792
2020-04-06,754549.828057446,871026.0838590929
2020-04-07,754549.828057446,871914.1116214314
2020-04-08,754549.828057446,901182.7597187061
2020-04-09,754549.828057446,914896.4579274307
2020-04-13,754549.828057446,906543.1465780125
2020-04-14,754549.828057446,933280.0466303618
2020-04-15,754549.828057446,913449.5134574989
2020-04-16,754549.828057446,917856.40654768
2020-04-17,754549.828057446,942652.6415776601
2020-04-20,754549.828057446,926044.7845774374
2020-04-21,754549.828057446,897926.891794892
2020-04-22,754549.828057446,917856.4065476801
2020-04-23,754549.828057446,917790.5627486019
2020-04-24,754549.828057446,930583.0414438143
2020-04-27,754549.828057446,944000.7124083173
2020-04-28,754549.828057446,939660.0948798367
2020-04-29,754549.828057446,964258.6905719241
2020-04-30,754549.828057446,955280.8345971382
2020-05-01,754549.828057446,929991.3107773358
2020-05-04,754549.828057446,932556.1966031077
2020-05-05,754549.828057446,941172.8831488431
2020-05-06,754549.828057446,934792.6190180643
2020-05-07,757546.4036969973,946072.7412068855
2020-05-08,752158.2075224571,961726.7266456913
2020-05-11,745046.8033291016,961924.0421616188
2020-05-12,720409.5426782373,942751.1913949704
2020-05-13,703481.3025080031,926077.5985363232
2020-05-14,692358.098603497,937160.4052092168
2020-05-15,694743.3389648544,941468.5326007769
2020-05-18,681719.0791092602,970145.450031573
2020-05-19,682002.181952232,960181.0164771422
2020-05-20,681401.4368271385,976492.576381505
2020-05-21,682123.2935732513,969750.8189997142
2020-05-22,681250.047709965,971592.3945015012
2020-05-26,682488.6993827797,983563.0130554221
2020-05-27,683162.8700296124,998197.2831337327
2020-05-28,683261.4357639708,996356.0314539071
2020-05-29,681987.1760599875,1000795.6305623165
2020-06-01,682203.723943377,1004840.1668762518
2020-06-02,682139.7644087577,1013160.4483854773
2020-06-03,682351.2118588148,1026644.2869710234
2020-06-04,682447.8595221785,1023947.2817844758
2020-06-05,684097.0560119132,1050190.785106349
2020-06-08,685797.6403959496,1062884.8219249055
2020-06-09,685474.5048399201,1054959.1714475388
2020-06-10,684995.6528782819,1049072.6278691979
2020-06-11,686986.2494738743,988594.6666522752
2020-06-12,687016.2494738743,1000433.5976080358
2020-06-15,696944.3942126699,1009773.3785964487
2020-06-16,702616.5079965461,1029209.0648561419
2020-06-17,715057.4984557375,1024933.9673047747
2020-06-18,715057.4984557375,1025328.4903959798
2020-06-19,720509.7603749989,1019469.0399218522
2020-06-22,724669.923122328,1026008.8403395812
2020-06-23,690629.0296720386,1030732.2154279579
2020-06-24,687751.6502197928,1004439.7070490642
2020-06-25,679086.5351461354,1015207.8667148801
2020-06-26,674747.0558246326,991095.3277887828
2020-06-29,667729.7973997807,1005661.5952549287
2020-06-30,668833.6004229843,1018543.8805744591
2020-07-01,669991.8376493237,1025678.5419376444
2020-07-02,661508.5644558938,1031327.1843140644
2020-07-06,660428.042493142,1047247.783168815
2020-07-07,660957.165603214,1036447.0254254214
2020-07-08,659966.0883469535,1044374.0791312943
2020-07-09,667842.1009222717,1038428.815837053
2020-07-10,688595.9952764028,1049031.7183612466
2020-07-13,713555.339994344,1039948.1884859725
2020-07-14,722488.5958189653,1053424.9029883367
2020-07-15,740640.0548646441,1063102.7541057947
2020-07-16,769710.2643227744,1059601.6989858975
2020-07-17,776355.0703529826,1062673.366183272
2020-07-20,787253.1094466167,1071261.6643369484
2020-07-21,781327.3672445206,1073540.5074290165
2020-07-22,841110.78010572,1079651.4596274986
2020-07-23,841110.78010572,1066769.1743079645
2020-07-24,841110.78010572,1059898.8596069878
2020-07-27,841110.78010572,1067628.2739749684
2020-07-28,841110.78010572,1060856.724972609
2020-07-29,841110.78010572,1073904.0515524575
2020-07-30,841110.78010572,1070072.3742086622
2020-07-31,841110.78010572,1078528.1212389444
2020-08-03,841110.78010572,1086026.5426068746
2020-08-04,841110.78010572,1090221.116430188
2020-08-05,841110.78010572,1096992.6654325477
2020-08-06,841110.78010572,1104325.6137775446
2020-08-07,841110.78010572,1105118.2220015437
2020-08-10,841110.78010572,1108421.3139615834
2020-08-11,841110.78010572,1099271.940287231
2020-08-12,841110.78010572,1114598.2178998014
2020-08-13,841110.78010572,1112583.1817666655
2020-08-14,841110.78010572,1112616.319547512
2020-08-17,841110.78010572,1116150.8362702213
2020-08-18,841110.78010572,1118561.7987230648
2020-08-19,841110.78010572,1113904.37537442
2020-08-20,841110.78010572,1117372.8324167395
2020-08-21,841110.78010572,1121336.413240003
2020-08-24,841110.78010572,1132699.3259106139
2020-08-25,841110.78010572,1136662.9067338773
2020-08-26,841110.78010572,1148058.741304031
2020-08-27,841110.78010572,1150569.0091587645
2020-08-28,856212.8698637176,1158000.9390836933
2020-08-31,880971.3537769486,1153806.149379072
2020-09-01,880262.8214622635,1164673.0747435053
2020-09-02,890715.5057041191,1181519.1567676102
2020-09-03,932675.9778523452,1140857.8043791521
2020-09-04,977427.0080857336,1131542.9576818664
2020-09-08,1021276.9869098848,1100626.1637351783
2020-09-09,1040309.4982557576,1122360.554167321
2020-09-10,1104074.7610956703,1102872.084927707
2020-09-11,1104074.7610956703,1103433.5922110016
2020-09-14,1104074.7610956703,1117967.1536589193
2020-09-15,1104074.7610956703,1123615.7960353394
2020-09-16,1104074.7610956703,1119156.335846552
2020-09-17,1104074.7610956703,1109313.1196468181
2020-09-18,1104074.7610956703,1096542.1211417974
2020-09-21,1104074.7610956703,1084337.9190121284
2020-09-22,1104074.7610956703,1095381.4352868812
2020-09-23,1104074.7610956703,1069978.3578988286
2020-09-24,1104074.7610956703,1072830.3658648464
2020-09-25,1104074.7610956703,1090174.5940082152
2020-09-28,1104074.7610956703,1108281.7466956682
2020-09-29,1104074.7610956703,1102246.1370738368
2020-09-30,1104074.7610956703,1110603.4422274628
2020-10-01,1104074.7610956703,1117733.3542018603
2020-10-02,1104074.7610956703,1107121.060840752
2020-10-05,1104074.7610956703,1126753.6308537575
2020-10-06,1104074.7610956703,1110735.7774695496
2020-10-07,1104074.7610956703,1130069.9995142662
2020-10-08,1104074.7610956703,1140085.3810574964
2020-10-09,1104074.7610956703,1150266.451504964
2020-10-12,1104074.7610956703,1168771.581384557
2020-10-13,1104074.7610956703,1161143.8471128568
2020-10-14,1104074.7610956703,1153848.246234222
2020-10-15,1104074.7610956703,1152422.0263699023
2020-10-16,1104074.7610956703,1151725.593268823
2020-10-19,1104074.7610956703,1134215.4603399057
2020-10-20,1104074.7610956703,1138758.8983576854
2020-10-21,1104074.7610956703,1136602.9996707821
2020-10-22,1104074.7610956703,1142837.9756809704
2020-10-23,1104074.7610956703,1146718.0104378639
2020-10-26,1104074.7610956703,1125526.6694371442
2020-10-27,1104074.7610956703,1121646.6346802544
2020-10-28,1113350.957333377,1083310.1081025647
2020-10-29,1102881.0131421457,1094320.2707151629
2020-10-30,1093374.9825150785,1082912.2388510818
2020-11-02,1064493.5145737368,1095049.6257157812
2020-11-03,1037613.4940927032,1114383.9557011551
2020-11-04,1030980.05421668,1139289.8584358348
2020-11-05,1028080.4039620088,1161508.5785834966
2020-11-06,1017420.5546193403,1161243.3683960582
2020-11-09,1030525.4238857676,1175835.325737911
2020-11-10,1033217.9024226138,1174110.8658459596
2020-11-11,1043146.377247754,1182832.7945295682
2020-11-12,1035445.8152446311,1171358.2712224824
2020-11-13,1046195.3920405548,1187575.275113743
2020-11-16,1057001.5965636407,1202398.9810402265
2020-11-17,1051692.1329704125,1195932.2564454076
2020-11-18,1040435.5408599408,1181539.34166995
2020-11-19,1043777.6009380956,1186514.0026013702
2020-11-20,1037405.4017858244,1178388.7698543358
2020-11-23,1043934.0497728132,1185452.7300889974
2020-11-24,1060911.1608731286,1204554.6638458185
2020-11-25,1059202.619388187,1202697.544889819
2020-11-27,1061811.219453408,1206046.9433905245
2020-11-30,1033387.4707398548,1200708.090691737
2020-12-01,1042168.6128508104,1213840.4745071155
2020-12-02,1016746.2884636868,1216393.9186235406
2020-12-03,997227.45364909,1216062.5408150624
2020-12-04,977689.2378977648,1226541.8512901613
2020-12-07,977673.2378977648,1224021.7608358942
2020-12-08,977673.2378977648,1227603.2317431876
2020-12-09,977673.2378977648,1216593.1770712468
2020-12-10,977673.2378977648,1216195.0919384528
2020-12-11,977673.2378977648,1214768.9800147903
2020-12-14,977673.2378977648,1209330.1742701863
2020-12-15,977673.2378977648,1225679.6213441873
2020-12-16,977673.2378977648,1227603.2317431879
2020-12-17,977673.2378977648,1234467.717648839
2020-12-18,977673.2378977648,1229538.7156141577
2020-12-21,977673.2378977648,1225142.616589401
2020-12-22,977673.2378977648,1223077.9277553218
2020-12-23,977673.2378977648,1224176.7636153644
2020-12-24,977673.2378977648,1228939.1052799171
2020-12-28,977673.2378977648,1239496.7806699902
2020-12-29,977673.2378977648,1237132.0168171546
2020-12-30,977673.2378977648,1238897.710039022
2020-12-31,977673.2378977648,1245192.0534090367
2021-01-04,977673.2378977648,1228239.9736624823
2021-01-05,977673.2378977648,1236699.2827343538
2021-01-06,977673.2378977648,1244092.6778457218
2021-01-07,977673.2378977648,1262577.1910603568
2021-01-08,977673.2378977648,1269771.0039020535
2021-01-11,977673.2378977648,1261211.3100217506
2021-01-12,977673.2378977648,1261477.8154970382
2021-01-13,977673.2378977648,1264875.0317075688
2021-01-14,977673.2378977648,1260445.5790206543
2021-01-15,977673.2378977648,1251253.4608472257
2021-01-19,977673.2378977648,1261078.2191950877
2021-01-20,977673.2378977648,1278529.8482894127
2021-01-21,977673.2378977648,1279695.6073550784
2021-01-22,977673.2378977648,1275166.3095630014
2021-01-25,977673.2378977648,1280195.0487621916
2021-01-26,977673.2378977648,1278196.7434304634
2021-01-27,977673.2378977648,1246957.098986978
2021-01-28,977673.2378977648,1257681.54268783
2021-01-29,977673.2378977648,1232503.089801226
2021-02-01,977673.2378977648,1253018.5064251672
2021-02-02,977673.2378977648,1270736.5330541255
2021-02-03,977673.2378977648,1271735.73969032
2021-02-04,977673.2378977648,1286189.8568167223
2021-02-05,977673.2378977648,1291252.2735000316
2021-02-08,977673.2378977648,1300577.2666188122
2021-02-09,977673.2378977648,1299711.3666905956
2021-02-10,977673.2378977648,1299145.5417811282
2021-02-11,977673.2378977648,1301243.800158673
2021-02-12,977673.2378977648,1307671.4502366616
2021-02-16,977673.2378977648,1306538.9368924967
2021-02-17,977673.2378977648,1306838.9039705992
2021-02-18,977673.2378977648,1301277.0458801768
2021-02-19,977673.2378977648,1298978.7734703461
2021-02-22,977673.2378977648,1288987.4626930128
2021-02-23,977673.2378977648,1290553.0339419402
2021-02-24,977673.2378977648,1304773.7833739016
2021-02-25,977673.2378977648,1273334.016957476
2021-02-26,977673.2378977648,1266773.4919341353
2021-03-01,977673.2378977648,1297480.1254270421
2021-03-02,977673.2378977648,1287355.6158823885
2021-03-03,977673.2378977648,1270303.5830900178
2021-03-04,977673.2378977648,1254584.077674095
2021-03-05,977673.2378977648,1277663.9483611928
2021-03-08,977673.2378977648,1271302.8976668622
2021-03-09,977673.2378977648,1289453.9822005867
2021-03-10,977673.2378977648,1297480.1254270421
2021-03-11,977673.2378977648,1310635.5006017694
2021-03-12,977673.2378977648,1312400.6541203645
2021-03-15,977673.2378977648,1320227.323017806
2021-03-16,977673.2378977648,1318561.906663716
2021-03-17,977673.2378977648,1323058.174615597
2021-03-18,977673.2378977648,1303808.0383405224
2021-03-19,943381.1683530068,1301395.456777865
2021-03-22,905464.2920062497,1311787.2273823863
2021-03-23,870680.2928774366,1301462.2720428312
2021-03-24,870680.2928774366,1294846.5893451793
2021-03-25,870680.2928774366,1302130.8564551203
2021-03-26,870680.2928774366,1323114.5196371027
2021-03-29,870680.2928774366,1322445.9352248136
2021-03-30,870680.2928774366,1318937.7560217418
2021-03-31,870680.2928774366,1324283.8407443613
2021-04-01,870680.2928774366,1338584.8980230684
2021-04-05,870680.2928774366,1357797.902713088
2021-04-06,870680.2928774366,1356995.9036521746
2021-04-07,870680.2928774366,1358566.2242898862
2021-04-08,870680.2928774366,1365015.3545580672
2021-04-09,870680.2928774366,1374939.0944858545
2021-04-12,870680.2928774366,1375440.370884089
2021-04-13,870680.2928774366,1379516.5338097112
2021-04-14,870680.2928774366,1374805.5718965728
2021-04-15,870680.2928774366,1389574.1201487454
2021-04-16,870680.2928774366,1394218.9144408405
2021-04-19,870680.2928774366,1387368.7846422063
2021-04-20,870680.2928774366,1377211.3531980135
2021-04-21,870680.2928774366,1390242.7045610347
2021-04-22,870680.2928774366,1377545.3215821967
2021-04-23,870680.2928774366,1392481.2857890741
2021-04-26,870680.2928774366,1395388.0196667875
2021-04-27,870680.2928774366,1395087.2970041083
2021-04-28,870680.2928774366,1394686.513354959
2021-04-29,952912.2768812733,1403574.7785867346
2021-04-30,1039927.0505637436,1394352.329089468
2021-05-03,1132576.089733189,1397359.6636569244
2021-05-04,1294908.0618399312,1388738.76742567
2021-05-05,1252491.239101532,1389173.1206182847
2021-05-06,1241004.8966436137,1400266.6134159453
2021-05-07,1277257.560792262,1410457.7223442574
2021-05-10,1235363.3157214755,1396490.957271695
2021-05-11,1258754.2271893965,1384027.5896312203
2021-05-12,1231314.9433853398,1354623.5839535422
2021-05-13,1255723.1327922912,1370895.8534597675
2021-05-14,1291008.6612380615,1391946.5477880272
2021-05-17,1293958.925917758,1388404.6911008323
2021-05-18,1297476.7959943372,1376442.7077992533
2021-05-19,1308889.059485071,1372834.0358470925
2021-05-20,1340170.7329729793,1387602.6920399189
2021-05-21,1362382.3327582849,1386466.9404761258
2021-05-24,1386713.102556344,1400600.7976814357
2021-05-25,1419327.9920875623,1397493.1862462019
2021-05-26,1442343.5107620151,1400266.6134159446
2021-05-27,1443703.0092297583,1401001.7972118922
2021-05-28,1482849.8650798665,1403507.639499803
2021-06-01,1512174.4711055805,1402271.5031275821
2021-06-02,1525873.7975059198,1404476.7306934677
2021-06-03,1525899.2170101053,1399264.3844414337
2021-06-04,1525899.2170101053,1412061.8284067414
2021-06-07,1525899.2170101053,1410691.7376826236
2021-06-08,1525899.2170101053,1410992.352404649
2021-06-09,1525899.2170101053,1408887.5096471952
2021-06-10,1634947.8817739373,1415436.2691392277
2021-06-11,1768292.3573549865,1417775.4510570096
2021-06-14,1965392.3420404743,1420949.6618759017
2021-06-15,1982993.5438966772,1418343.6506608673
2021-06-16,2012246.3795345211,1410424.260741445
2021-06-17,1988459.4436910716,1409956.5538866725
2021-06-18,1765945.5753944635,1390935.8994424886
2021-06-21,1766405.6928401962,1410848.3595719077
2021-06-22,1751706.640440366,1418390.9286674203
2021-06-23,1677226.2847797174,1416681.3645857514
2021-06-24,1679978.3776208642,1425061.9849206908
2021-06-25,1691108.741098802,1430123.9698413813
2021-06-28,1662483.8372565648,1433007.0647158201
2021-06-29,1651850.451198798,1433778.0848089731
2021-06-30,1661776.9577550755,1434985.077204555
2021-07-01,1667888.8625793369,1442929.6172964121
2021-07-02,1639225.5132058368,1453958.885404805
2021-07-06,1614251.0024464158,1451310.669393967
2021-07-07,1634041.7578578673,1456439.6854609344
2021-07-08,1702339.3293036958,1444572.3661131114
2021-07-09,1800179.8846229443,1459993.09179813
2021-07-12,1953328.8105941664,1465222.600614183
2021-07-13,1978140.0590565752,1460227.862721077
2021-07-14,1974752.2663164136,1462406.6448266748
2021-07-15,2105055.867819293,1457412.1228148765
2021-07-16,2105055.867819293,1445980.5598881743
2021-07-19,2105055.867819293,1424626.1205589152
2021-07-20,2105055.867819293,1445041.6920776973
2021-07-21,2105055.867819293,1456741.3795895006
2021-07-22,2105055.867819293,1459791.7824779942
2021-07-23,2105055.867819293,1474810.2133447037
2021-07-26,2105055.867819293,1478430.6508281732
2021-07-27,2105055.867819293,1471692.5634286255
2021-07-28,2105055.867819293,1471089.0672308384
2021-07-29,2105055.867819293,1477190.1968297835
2021-07-30,2105055.867819293,1470016.353009115
2021-08-02,2105055.867819293,1466932.1646958517
2021-08-03,2236553.7797111743,1478866.623130602
2021-08-04,2217773.672722075,1471592.1786201943
2021-08-05,2262318.5464612213,1480911.4508843033
2021-08-06,2279932.3677154444,1483358.5734563137
2021-08-09,2307877.6556471726,1482151.7969420431
2021-08-10,2321438.210004502,1483995.63919757
2021-08-11,2351874.169916445,1487683.1078273165
2021-08-12,2359599.4779576054,1492141.70449087
2021-08-13,2362452.907903437,1494857.167529293
2021-08-16,2365417.551605362,1498376.7884417158
2021-08-17,2355563.1390914195,1488554.6206695552
2021-08-18,2347334.1064770864,1472262.4900829517
2021-08-19,2242896.019726855,1474541.9808189461
2021-08-20,2242025.5693711606,1486275.1299335647
2021-08-23,2245525.924123044,1499348.901973697
2021-08-24,2247108.588194617,1501729.3172213915
2021-08-25,2246805.4098453,1504880.320799624
2021-08-26,2247079.334835154,1495996.6970159824
2021-08-27,2248177.975214749,1509372.3790659888
2021-08-30,2247464.2318918835,1516009.9737164513
2021-08-31,2247783.690185416,1513763.9445832688
2021-09-01,2258151.8708961587,1514568.3183385762
2021-09-02,2258181.201093296,1519228.116381615
2021-09-03,2258181.201093296,1518859.283166117
2021-09-07,2258181.201093296,1513428.572970579
2021-09-08,2258181.201093296,1511585.054537017
2021-09-09,2258181.201093296,1505114.9837819166
2021-09-10,2258181.201093296,1493247.7723747476
2021-09-13,2258181.201093296,1497069.4112377018
2021-09-14,2258181.201093296,1488990.3770906755
2021-09-15,2258181.201093296,1501427.623092824
2021-09-16,2258181.201093296,1499047.207845126
2021-09-17,2258181.201093296,1484444.9961411208
2021-09-20,2258181.201093296,1459693.124720027
2021-09-21,2232285.968174572,1458314.1828622636
2021-09-22,2130354.4730956177,1472539.8975643206
2021-09-23,2026410.9023493745,1490431.1689433132
2021-09-24,1963396.260156949,1492886.387064393
2021-09-27,1941897.615775459,1488615.2833172337
2021-09-28,1962613.9351050963,1458616.956397372
2021-09-29,2159747.3642294854,1461071.9586371405
2021-09-30,2156543.2419392825,1443214.2568016096
2021-10-01,2152771.7669858844,1460365.7029365238
2021-10-04,2153449.196081699,1441532.6493493877
2021-10-05,2190379.161985364,1456531.8667796454
2021-10-06,2247886.2599074417,1462585.3945500765
2021-10-07,2309203.5158707183,1475230.5342522697
2021-10-08,2337345.726611738,1472539.8975643204
2021-10-11,2341886.6586154974,1461879.0309088067
2021-10-12,2388847.3321932093,1458280.6133187981
2021-10-13,2411011.5685036588,1463526.6370549474
2021-10-14,2397860.740687021,1488144.338242833
2021-10-15,2397860.740687021,1499477.8910554976
2021-10-18,2397860.740687021,1503916.950460638
2021-10-19,2397860.740687021,1515519.4913836375
2021-10-20,2397860.740687021,1521472.2025830185
2021-10-21,2397860.740687021,1525440.6407357233
2021-10-22,2397860.740687021,1523859.741913895
2021-10-25,2397860.740687021,1532031.9288455208
2021-10-26,2397860.740687021,1533410.762762634
2021-10-27,2397860.740687021,1526617.4097481216
2021-10-28,2397860.740687021,1541347.8549493484
2021-10-29,2397860.740687021,1544475.2195243062
2021-11-01,2397860.740687021,1547131.9628468254
2021-11-02,2397860.740687021,1553387.3396406642
2021-11-03,2397860.740687021,1562871.3293431264
2021-11-04,2397860.740687021,1570236.1201811247
2021-11-05,2400103.202576374,1575684.3167626432
2021-11-08,2360301.7762296256,1577029.473195637
2021-11-09,2276300.451433116,1571816.9110622993
2021-11-10,2243187.879234094,1559171.7713601063
2021-11-11,2320308.450442364,1559676.1780373147
2021-11-12,2320308.450442364,1571446.890499603
2021-11-15,2320308.450442364,1571984.9746609305
2021-11-16,2320308.450442364,1578206.5660299964
2021-11-17,2320308.450442364,1574372.513991807
2021-11-18,2320308.450442364,1579720.0019429324
2021-11-19,2320308.450442364,1576894.9791404675
2021-11-22,2320308.450442364,1572455.5959133657
2021-11-23,2320308.450442364,1574541.0093530563
2021-11-24,2320308.450442364,1578744.758131981
2021-11-26,2320308.450442364,1543533.9770194353
2021-11-29,2320308.450442364,1562467.6312963138
2021-11-30,2320308.450442364,1532065.714270294
2021-12-01,2320308.450442364,1515048.5463092376
2021-12-02,2320308.450442364,1538253.5202145865
2021-12-03,2320308.450442364,1524868.7711496227
2021-12-06,2253413.63828734,1542928.1061272505
2021-12-07,2112574.1344338185,1574843.6749475142
2021-12-08,2189211.4345861143,1579013.5303610081
2021-12-09,2189211.4345861143,1568352.8795868023
2021-12-10,2189211.4345861143,1583116.4625688791
2021-12-13,2189211.4345861143,1569092.8127715378
2021-12-14,2189211.4345861143,1558297.344120201
2021-12-15,2189211.4345861143,1582645.6254351363
2021-12-16,2189211.4345861143,1568689.3306060333
2021-12-17,2189211.4345861143,1551993.7178539254
2021-12-20,2189211.4345861143,1535490.8871102685
2021-12-21,2189211.4345861143,1562759.610766001
2021-12-22,2189211.4345861143,1578385.0998720904
2021-12-23,2189211.4345861143,1588206.1882377062
2021-12-27,2189211.4345861143,1610682.3468457055
2021-12-28,2189211.4345861143,1609366.2264486966
2021-12-29,2189211.4345861143,1611424.9785467964
2021-12-30,2189211.4345861143,1606970.267746793
2021-12-31,2189211.4345861143,1602920.4423408008
2022-01-03,2189211.4345861143,1612201.071850695
2022-01-04,2189211.4345861143,1611661.2606388996
2022-01-05,2189211.4345861143,1580713.919487066
2022-01-06,2189211.4345861143,1579228.7640255385
2022-01-07,2189211.4345861143,1572985.3686443195
2022-01-10,2189211.4345861143,1571027.9728205425
2022-01-11,2189211.4345861143,1585337.3415296266
2022-01-12,2189211.4345861143,1589623.2331464149
2022-01-13,2189211.4345861143,1567720.6711749872
2022-01-14,2189211.4345861143,1568362.0545424125
2022-01-18,2189211.4345861143,1540586.765396385
2022-01-19,2189211.4345861143,1524589.8524990962
2022-01-20,2189211.4345861143,1507715.7059048938
2022-01-21,2189211.4345861143,1478118.162634185
2022-01-24,2189211.4345861143,1484395.343440177
2022-01-25,2189211.4345861143,1466272.2155358964
2022-01-26,2189211.4345861143,1462594.245683722
2022-01-27,2189211.4345861143,1455371.936509305
2022-01-28,2189211.4345861143,1491516.2963402707
2022-01-31,2189211.4345861143,1518380.4584239575
2022-02-01,2189211.4345861143,1528639.8937863954
2022-02-02,2189211.4345861143,1543489.181647929
2022-02-03,2189211.4345861143,1507209.680117871
2022-02-04,2189211.4345861143,1514296.6317118846
2022-02-07,2189211.4345861143,1509437.035517871
2022-02-08,2189211.4345861143,1521856.3633714165
2022-02-09,2189211.4345861143,1544130.4570747006
2022-02-10,2189211.4345861143,1516388.953353446
2022-02-11,2189211.4345861143,1486487.8809630454
2022-02-14,2189211.4345861143,1481628.068887724
2022-02-15,2189211.4345861143,1505522.0279890092
2022-02-16,2189211.4345861143,1507209.680117871
2022-02-17,2189211.4345861143,1475013.3576559597
2022-02-18,2189211.4345861143,1465462.6606291854
2022-02-22,2189211.4345861143,1449735.815248777
2022-02-23,2189211.4345861143,1424019.3861414993
2022-02-24,2189211.4345861143,1445449.7077506778
2022-02-25,2189211.4345861143,1477342.0693302823
2022-02-28,2189211.4345861143,1473562.3114411703
2022-03-01,2189211.4345861143,1451119.5064953286
2022-03-02,2189211.4345861143,1477814.8493958008
2022-03-03,2189211.4345861143,1470457.2905816382
2022-03-04,2189211.4345861143,1458510.4189716494
2022-03-07,2189211.4345861143,1415514.7419948508
2022-03-08,2189211.4345861143,1404782.5265668945
2022-03-09,2189211.4345861143,1442445.9352248148
2022-03-10,2189211.4345861143,1435932.5802673695
2022-03-11,2189211.4345861143,1417674.7424266122
2022-03-14,2189211.4345861143,1407313.950789855
2022-03-15,2189211.4345861143,1438261.2919416921
2022-03-16,2189211.4345861143,1470153.5455806393
2022-03-17,2189211.4345861143,1488546.5251204888
2022-03-18,2189211.4345861143,1504850.3132977472
2022-03-21,2189211.4345861143,1504410.2392504604
2022-03-22,2189211.4345861143,1522013.848785939
2022-03-23,2189211.4345861143,1502412.6895033126
2022-03-24,2189211.4345861143,1525060.68963284
2022-03-25,2189211.4345861143,1532508.702715247
2022-03-28,2189211.4345861143,1543409.305563803
2022-03-29,2189211.4345861143,1562502.8199495934
2022-03-30,2189211.4345861143,1552854.4366307394
2022-03-31,2189211.4345861143,1528954.0010902022
2022-04-01,2189211.4345861143,1533287.278654197
2022-04-04,2189211.4345861143,1546422.2530452774
2022-04-05,2189211.4345861143,1526888.772552851
2022-04-06,2189211.4345861143,1511621.106715527
2022-04-07,2103890.137629601,1519238.0469218025
2022-04-08,2004727.8901423349,1515175.7003999213
2022-04-11,1909106.6738042843,1489277.7151122324
2022-04-12,1871948.899399804,1483759.7888680815
2022-04-13,1709182.287896761,1500754.1813510936
2022-04-14,1676012.4062930974,1482066.847647163
2022-04-18,1715327.4999172697,1482676.4964622445
2022-04-19,1659969.6784219595,1506610.717427558
2022-04-20,1669837.6075148042,1505493.5316562941
2022-04-21,1781039.1136528912,1482980.9970478239
2022-04-22,1813073.1855264392,1442289.0974542205
2022-04-25,1793879.0895802134,1450651.2599372882
2022-04-26,1884797.280484972,1408639.1382018176
2022-04-27,1964777.626166836,1412599.9125680684
2022-04-28,1935397.0520432475,1448281.2069923957
2022-04-29,1559479.0240546968,1394759.049474599
2022-05-02,1559479.0240546968,1403154.7815011323
2022-05-03,1559479.0240546968,1409586.9650865942
2022-05-04,1559479.0240546968,1452512.8044601069
2022-05-05,1559479.0240546968,1400886.6245338318
2022-05-06,1559479.0240546968,1392524.7858727293
2022-05-09,1559479.0240546968,1347939.898643725
2022-05-10,1559479.0240546968,1351054.5262214835
2022-05-11,1559479.0240546968,1329591.4985940733
2022-05-12,1559479.0240546968,1328203.3817806991
2022-05-13,1596133.5007559306,1359957.9031448525
2022-05-16,1660839.2975653724,1354439.6530787365
2022-05-17,1660839.2975653724,1382301.0788668394
2022-05-18,1660839.2975653724,1326578.3352312914
2022-05-19,1660839.2975653724,1318453.642187526
2022-05-20,1660839.2975653724,1319029.0738152156
2022-05-23,1660839.2975653724,1343708.5170573217
2022-05-24,1660839.2975653724,1333450.808745351
2022-05-25,1660839.2975653724,1345231.7755697914
2022-05-26,1660839.2975653724,1372111.049345072
2022-05-27,1660839.2975653724,1405795.4416661737
2022-05-31,1668842.6213434418,1397907.2465958227
2022-06-01,1637311.315457507,1386600.5710060608
2022-06-02,1632986.826611003,1413006.0932499317
2022-06-03,1600838.832363218,1389816.5548581376
2022-06-06,1600870.127514504,1394048.2602665059
2022-06-07,1601041.3501667064,1407420.3802749235
2022-06-08,1601182.4876492145,1392118.6051908652
2022-06-09,1612442.2015373362,1359010.0762600717
2022-06-10,1597753.1246329588,1319604.5054429083
2022-06-13,1611477.916343303,1269501.5840290994
2022-06-14,1612858.3220295403,1265676.0593025947
2022-06-15,1607544.5300001884,1283720.1746479783
2022-06-16,1620474.4583454053,1241233.9775591374
2022-06-17,1619807.2116495026,1243909.826377458
2022-06-21,1609237.9550257132,1275223.5181097449
2022-06-22,1609305.7509399184,1272911.64517748
2022-06-23,1604775.1340632716,1285389.4768656185
2022-06-24,1592160.8806333684,1326256.887963
2022-06-27,1594211.7904615053,1321190.8012974476
2022-06-28,1602236.296070335,1294195.383378219
2022-06-29,1602157.3007205348,1293141.3428896784
2022-06-30,1605443.4208179666,1282635.5869542921
2022-07-01,1599022.3844111206,1296201.352496398
2022-07-05,1598905.6465396942,1298649.2306529884
2022-07-06,1600317.806891149,1303035.1832562466
2022-07-07,1593175.463002665,1322550.961481378
2022-07-08,1567867.0143729912,1321463.1355680642
2022-07-11,1567867.0143729912,1306367.3112522715
2022-07-12,1567867.0143729912,1294807.4068876945
2022-07-13,1567867.0143729912,1288007.2536119649
2022-07-14,1567867.0143729912,1284879.5652150454
2022-07-15,1567867.0143729912,1309427.2129183372
2022-07-18,1567867.0143729912,1298615.445228215
2022-07-19,1567867.0143729912,1333702.850172974
2022-07-20,1567867.0143729912,1342202.6369901814
2022-07-21,1567867.0143729912,1355870.5143911864
2022-07-22,1567867.0143729912,1343290.7867254603
2022-07-25,1567867.0143729912,1344922.8494173924
2022-07-26,1567867.0143729912,1329010.9937556337
2022-07-27,1567867.0143729912,1363520.3764970014
2022-07-28,1586434.3061508683,1380622.3858122802
2022-07-29,1574260.2112653356,1400750.2954875408
2022-08-01,1558515.9838396332,1396602.3520268572
2022-08-02,1542332.75972952,1387388.2139599642
2022-08-03,1548151.1546718394,1409114.2929617297
2022-08-04,1493142.833308781,1408162.0405101269
2022-08-05,1492075.9135336543,1405781.9490843934
2022-08-08,1502217.087018696,1404149.8863924614
2022-08-09,1513245.261047041,1398574.211898298
2022-08-10,1449075.7082331106,1427949.7212432597
2022-08-11,1429877.4280292387,1427949.7212432597
2022-08-12,1449168.300302792,1452123.5704609621
2022-08-15,1455433.3290268695,1458107.4765094144
2022-08-16,1462997.0230126802,1460963.4782796435
2022-08-17,1451075.9455502464,1450593.5116872753
2022-08-18,1455973.9558410782,1454809.7815820847
2022-08-19,1440073.7014552937,1435259.6782289115
2022-08-22,1417432.7270576125,1405374.041352066
2022-08-23,1377530.4249810767,1401974.0186845264
2022-08-24,1382978.7818207017,1406462.191087341
2022-08-25,1395451.8784358536,1426317.8744326353
2022-08-26,1373284.9866745532,1378038.2865500564
2022-08-29,1376185.8199245653,1368926.4762233733
2022-08-30,1376194.5767703038,1353898.6545197456
2022-08-31,1376194.5767703038,1343596.90642085
2022-09-01,1376194.5767703038,1347812.7445530444
2022-09-02,1376194.5767703038,1333600.8462547287
2022-09-06,1376194.5767703038,1328569.084717222
2022-09-07,1376194.5767703038,1352436.5983582234
2022-09-08,1376194.5767703038,1361276.6141175586
2022-09-09,1376194.5767703038,1382424.3470939682
2022-09-12,1376194.5767703038,1397282.0543265322
2022-09-13,1376194.5767703038,1336524.850637119
2022-09-14,1376194.5767703038,1341624.830668098
2022-09-15,1376194.5767703038,1326392.893187326
2022-09-16,1376194.5767703038,1316273.8886160399
2022-09-19,1405083.8198378803,1326481.728345756
2022-09-20,1434901.8699249553,1311255.6196603095
2022-09-21,1465705.7884603092,1288382.3473854072
2022-09-22,1464657.0255995216,1277560.0015111677
2022-09-23,1486880.0917572374,1256154.8300744242
2022-09-26,1536442.3062224255,1243728.0543157388
2022-09-27,1601806.8880473198,1240553.303793574
2022-09-28,1646044.430992301,1264962.571578146
2022-09-29,1739912.187767111,1238538.8073637108
2022-09-30,1825308.6733366533,1219386.6812026743
2022-10-03,1927624.2050401156,1251580.089266919
2022-10-04,1976236.236737867,1290362.302805917
2022-10-05,2020214.406590473,1287358.2064580887
2022-10-06,2025248.825082908,1274078.051887072
2022-10-07,2036342.1566563863,1238538.8073637108
2022-10-10,2031433.945942984,1229082.2345874237
2022-10-11,2064139.4331993535,1221298.5260703661
2022-10-12,2139431.601640262,1217270.072913912
2022-10-13,2221878.004850879,1249395.2624846844
2022-10-14,2317702.8198865023,1220922.8925936515
2022-10-17,2275583.3899584217,1252297.13903296
2022-10-18,2259638.19660521,1267011.06931409
2022-10-19,2266267.445145644,1258032.3498140702
2022-10-20,2276872.614134131,1247483.309676339
2022-10-21,2363350.9458872736,1277799.090060284
2022-10-24,2363350.9458872736,1293434.8335285254
2022-10-25,2363350.9458872736,1314088.9538931474
2022-10-26,2363350.9458872736,1304188.5291466734
2022-10-27,2363350.9458872736,1297224.5219578282
2022-10-28,2363350.9458872736,1328086.266170859
2022-10-31,2363350.9458872736,1318493.04052632
2022-11-01,2363350.9458872736,1312723.5046171607
2022-11-02,2363350.9458872736,1279779.2613621016
2022-11-03,2363350.9458872736,1266601.434531295
2022-11-04,2363350.9458872736,1284831.6395645665
2022-11-07,2363350.9458872736,1297121.8703956567
2022-11-08,2363350.9458872736,1304120.418593855
2022-11-09,2363350.9458872736,1277252.6944685793
2022-11-10,2363350.9458872736,1347443.3716342738
2022-11-11,2363350.9458872736,1360484.4376561744
2022-11-14,2363350.9458872736,1348911.3645317787
2022-11-15,2363350.9458872736,1360416.1112220485
2022-11-16,2363350.9458872736,1350037.941139961
2022-11-17,2363350.9458872736,1345906.7284806813
2022-11-18,2363350.9458872736,1352017.6806791637
2022-11-21,2363350.9458872736,1347101.8474042972
2022-11-22,2363350.9458872736,1365229.6167567081
2022-11-23,2363350.9458872736,1373832.8107206635
2022-11-25,2363350.9458872736,1373525.5036780788
2022-11-28,2363350.9458872736,1351608.1538370186
2022-11-29,2363350.9458872736,1349286.566245878
2022-11-30,2363350.9458872736,1391790.0338393955
2022-12-01,2363350.9458872736,1390766.0008527313
2022-12-02,2363350.9458872736,1389161.463027628
2022-12-05,2363350.9458872736,1364171.6904046135
2022-12-06,2363350.9458872736,1344506.954076649
2022-12-07,2363350.9458872736,1342219.799554204
2022-12-08,2363350.9458872736,1352734.8383858548
2022-12-09,2363350.9458872736,1342629.5422776565
2022-12-12,2558495.7599949646,1361986.5398004176
2022-12-13,2790814.6036579744,1372296.4913890327
2022-12-14,3017798.735492698,1363522.643250741
2022-12-15,3046825.950301375,1330168.7652128872
2022-12-16,3074303.27127098,1314464.4794292082
2022-12-19,3105875.2301442865,1303318.3115922878
2022-12-20,3114822.774081256,1305101.9229627545
2022-12-21,3116169.5679345825,1324616.1900187293
2022-12-22,3128149.985016874,1305719.1276236328
2022-12-23,3115769.7982227034,1313229.9621668013
2022-12-27,3101247.517322263,1308051.185458233
2022-12-28,3127472.8576437817,1291794.891168835
2022-12-29,3123903.819815217,1315047.7907246596
2022-12-30,3189566.2716332134,1311583.6513085093
2023-01-03,3189566.2716332134,1306062.1630227691
2023-01-04,3189566.2716332134,1316145.1154155456
2023-01-05,3189566.2716332134,1301123.3383885545
2023-01-06,3189566.2716332134,1330961.049614921
2023-01-09,3189566.2716332134,1330206.4365012106
2023-01-10,3189566.2716332134,1339535.0996022378
2023-01-11,3189566.2716332134,1356477.140867951
2023-01-12,3189566.2716332134,1361415.965502166
2023-01-13,3189566.2716332134,1366697.2858322486
2023-01-17,3189566.2716332134,1364193.818238732
2023-01-18,3189566.2716332134,1342655.8797972866
2023-01-19,3189566.2716332134,1332881.5297349512
2023-01-20,3189566.2716332134,1357712.0898929767
2023-01-23,3189566.2716332134,1374002.6013697663
2023-01-24,3189566.2716332134,1372527.8082110444
2023-01-25,3189566.2716332134,1373042.2533690971
2023-01-26,3189566.2716332134,1388132.3568302142
2023-01-27,3189566.2716332134,1391322.0031626613
2023-01-30,3189566.2716332134,1373865.4087982413
2023-01-31,3189566.2716332134,1394065.7466524893
2023-02-01,3189566.2716332134,1408881.6808518684
2023-02-02,3189566.2716332134,1429390.8369178614
2023-02-03,3189566.2716332134,1414197.4342506465
2023-02-06,3189566.2716332134,1405554.9498885502
2023-02-07,3189566.2716332134,1423937.5671255935
2023-02-08,3189566.2716332134,1408367.1277531614
2023-02-09,3189566.2716332134,1396157.6365314357
2023-02-10,3189566.2716332134,1399415.8251793163
2023-02-13,3189566.2716332134,1415843.5292276305
2023-02-14,3189566.2716332134,1415192.3232606717
2023-02-15,3189566.2716332134,1419787.680733131
2023-02-16,3189566.2716332134,1400238.8726678065
2023-02-17,3189566.2716332134,1396740.9478268833
2023-02-21,3490519.1306361817,1368720.8492770677
2023-02-22,3902438.873230786,1366834.6942850794
2023-02-23,4391311.469747167,1374105.4688132445
2023-02-24,4781469.944007893,1359426.7271853937
2023-02-27,5041923.386136958,1364056.73360786
2023-02-28,5259552.996533508,1359015.1494708199
2023-03-01,5219069.204981998,1353802.0476342097
2023-03-02,5311328.661875344,1364331.1187509093
2023-03-03,5352857.322407906,1386211.9846508377
2023-03-06,5599060.764525216,1387172.3326515064
2023-03-07,5836325.663875308,1365908.6714124565
2023-03-08,5719061.966674284,1368137.8618035815
2023-03-09,5863183.28252649,1342896.0477529434
2023-03-10,5964608.926188045,1323518.865327843
2023-03-13,5988245.59095168,1321632.3865138937
2023-03-14,5921577.213851602,1343479.035226434
2023-03-15,5983549.617342958,1335076.502938684
2023-03-16,5905577.596772345,1358500.596372114
2023-03-17,6023978.397651705,1342616.0496958767
2023-03-20,6084245.856792084,1355526.183704201
2023-03-21,6043050.786063943,1373324.9499425204
2023-03-22,6125435.455995889,1349914.564972178
2023-03-23,6162603.417938548,1353563.8226103284
2023-03-24,6187010.513924937,1362446.151106121
2023-03-27,6231746.619145709,1364993.6584865625
2023-03-28,6242491.812444557,1361929.6550756388
2023-03-29,6157144.623024736,1381725.21547653
2023-03-30,5993477.600851067,1389815.475451596
2023-03-31,5998642.491780384,1409404.545380949
2023-04-03,6112782.124415443,1414774.9167507696
2023-04-04,6113024.531452087,1406925.6882565983
2023-04-05,6113024.531452087,1403241.8896090947
2023-04-06,6113024.531452087,1408715.8840069743
2023-04-10,6113024.531452087,1410161.749070361
2023-04-11,6115381.175197217,1410540.5128260497
2023-04-12,5929701.586994306,1404791.1618192333
2023-04-13,6207807.146576148,1423450.6468343704
2023-04-14,6316327.456786097,1419973.3386584052
2023-04-17,6064327.041354218,1425068.6772412537
2023-04-18,6064327.041354218,1425998.1542148124
2023-04-19,6064327.041354218,1425757.0147932672
2023-04-20,6064327.041354218,1417976.760377145
2023-04-21,6064327.041354218,1419078.5106348537
2023-04-24,6064327.041354218,1420558.700826286
2023-04-25,6064327.041354218,1398009.1425734146
2023-04-26,6064327.041354218,1392087.7341637556
2023-04-27,6064327.041354218,1419801.2812555665
2023-04-28,6064327.041354218,1431919.5626244717
2023-05-01,6415394.991116769,1430473.8055017353
2023-05-02,7010162.9502353445,1414396.2609357394
2023-05-03,6684381.26357138,1404687.9705537902
2023-05-04,6809807.459843014,1394738.5407502959
2023-05-05,6706613.607664971,1420558.7008262866
2023-05-08,7337206.731079536,1420937.3566413212
2023-05-09,7733518.152920416,1414706.0506133758
2023-05-10,7446153.318021346,1421316.0124563524
2023-05-11,7663517.670155927,1418837.371213309
2023-05-12,7818291.822055302,1416978.4172661882
2023-05-15,7552827.583059214,1421866.9415555336
2023-05-16,7793807.837071965,1412365.141645126
2023-05-17,7636069.201077034,1429509.67957817
2023-05-18,6841091.809691725,1443280.6403039617
2023-05-19,6916338.934408825,1441180.331053988
2023-05-22,6930042.813338702,1441765.5852812151
2023-05-23,6998996.86645694,1425584.957390429
2023-05-24,6990363.272612824,1415256.9797125573
2023-05-25,6767366.433217553,1427512.8854155985
2023-05-26,6674122.483259971,1446000.2050872464
2023-05-30,6980526.4294154,1446551.0262457703
2023-05-31,7151198.941781258,1438529.7403487565
2023-06-01,7139212.578480152,1452196.970105839
2023-06-02,7124647.390791087,1473197.579970533
2023-06-05,7328693.762492874,1470374.6080405007
2023-06-06,7325753.296696087,1473576.2357855674
2023-06-07,7363581.331550731,1468481.0051433728
2023-06-08,7353578.096902354,1477363.2256985113
2023-06-09,7583810.237194383,1480014.1402257045
2023-06-12,7584103.677291374,1493440.554383203
2023-06-13,7584103.677291374,1503286.5770399459
2023-06-14,7584103.677291374,1505076.6648496683
2023-06-15,7584103.677291374,1523736.257805459
2023-06-16,7584103.677291374,1518545.9314468931
2023-06-20,7584103.677291374,1510667.5589760758
2023-06-21,7584103.677291374,1502927.4584833279
2023-06-22,7584103.677291374,1508352.555764841
2023-06-23,7584103.677291374,1496949.2732895473
2023-06-26,7584103.677291374,1490833.247880316
2023-06-27,7584103.677291374,1507177.513802914
2023-06-28,7584103.677291374,1507937.95571195
2023-06-29,7584103.677291374,1513881.2760744158
2023-06-30,7584103.677291374,1531746.2099337787
2023-07-03,7584103.677291374,1533508.341114057
2023-07-05,7584103.677291374,1531227.7709715213
2023-07-06,7584103.677291374,1519237.1833965688
2023-07-07,7584103.677291374,1515401.5122485654
2023-07-10,7584103.677291374,1519237.1833965688
2023-07-11,7547151.906628694,1528912.5518789787
2023-07-12,7567830.486345701,1541213.9005974515
2023-07-13,7329005.33162397,1553446.383178529
2023-07-14,7375131.725335401,1552479.019035336
2023-07-17,7078903.300826781,1557869.5753074961
2023-07-18,7216458.231357437,1569445.454888901
2023-07-19,7112333.117631149,1572935.5000620664
2023-07-20,6973964.431201245,1562499.9055519276
2023-07-21,6896794.671787216,1562499.9055519276
2023-07-24,6577035.929408243,1569479.9958982542
2023-07-25,6356394.930504836,1573764.9160491584
2023-07-26,7004931.721248508,1574006.8110552835
2023-07-27,7011968.325578452,1563571.0006638374
2023-07-28,6356509.710480395,1578878.9283651863
2023-07-31,6134222.940188085,1581885.1835260976
2023-08-01,6155453.086629898,1577358.3683690717
2023-08-02,6773640.553316364,1555416.1921775418
2023-08-03,7815743.517840565,1550958.5669798758
2023-08-04,7087737.269097813,1543943.9356241962
2023-08-07,7087737.269097813,1557420.326304599
2023-08-08,7087737.269097813,1550647.4820143906
2023-08-09,7087737.269097813,1540281.0774636115
2023-08-10,7087737.269097813,1540834.1653758755
2023-08-11,7087737.269097813,1539935.5594294271
2023-08-14,7087737.269097813,1548435.8859499036
2023-08-15,7087737.269097813,1530398.570865737
2023-08-16,7087737.269097813,1519168.3172591703
2023-08-17,7087737.269097813,1507592.4376777657
2023-08-18,7087737.269097813,1508317.9068148339
2023-08-21,7087737.269097813,1518131.4393346563
2023-08-22,7087737.269097813,1514019.332171175
2023-08-23,7087737.269097813,1530882.1449966803
2023-08-24,7087737.269097813,1509665.5458828758
2023-08-25,7087737.269097813,1520308.4943897869
2023-08-28,7087737.269097813,1529949.2139221868
2023-08-29,7087737.269097813,1552064.4189824432
2023-08-30,7087737.269097813,1558457.096288464
2023-08-31,7087737.269097813,1556176.3102646174
2023-09-01,7087737.269097813,1559078.942397473
2023-09-05,7219326.645862916,1552340.8549979252
2023-09-06,7102616.803467604,1541905.2604877863
2023-09-07,7303767.761748971,1537171.1992746422
2023-09-08,7220848.850541657,1539486.2024858734
2023-09-11,7339733.508914809,1549611.0358524886
2023-09-12,7153782.537521617,1541110.3855100474
2023-09-13,7200035.387584784,1542907.2735809865
2023-09-14,7198216.500391527,1556210.8512739704
2023-09-15,7030707.187804446,1537461.2358125506
2023-09-18,6889554.14412071,1538362.7561566655
2023-09-19,6904410.589404096,1535172.3542396417
2023-09-20,6898327.657219094,1521059.2216399438
2023-09-21,6885938.924965315,1495918.4400416669
2023-09-22,6905527.685234605,1492554.7933746052
2023-09-25,6915456.593935357,1498831.4344773246
2023-09-26,6903421.845601604,1476811.5410147505
2023-09-27,6903795.58032081,1477401.0049274927
2023-09-28,6910330.911046309,1485966.2037811633
2023-09-29,6918893.7916285945,1482359.9065233967
2023-10-02,6997113.099435824,1481770.4426106545
2023-10-03,7017734.593763207,1461935.267989661
2023-10-04,7121853.197337613,1472581.1308942346
2023-10-05,7304045.170617899,1472026.1000501956
2023-10-06,7278605.509966969,1489503.31107957
2023-10-09,7333601.431120975,1499039.5440586768
2023-10-10,7401790.449746186,1506841.71042761
2023-10-11,7485122.286998457,1513014.1887990013
2023-10-12,7496142.735588003,1503790.0122512672
2023-10-13,7495498.038878454,1496300.010254364
2023-10-16,7434116.80570766,1512043.0467329079
2023-10-17,7406933.021439945,1511973.6408922405
2023-10-18,7460172.357338418,1491826.6257211783
2023-10-19,7617757.163009291,1478718.8523749653
2023-10-20,7652236.643034882,1460548.3385234817
2023-10-23,7885514.000903682,1458016.806359864
2023-10-24,7874449.655799537,1469009.3746458208
2023-10-25,7867234.843426203,1447925.758418022
2023-10-26,7840042.543724909,1430587.4670106394
2023-10-27,7776307.222346296,1424102.824267218
2023-10-30,7776307.222346296,1441129.275124539
2023-10-31,7776307.222346296,1450179.883100274
2023-11-01,7776307.222346296,1465645.7279787594
2023-11-02,7776307.222346296,1493734.0450220474
2023-11-03,7776307.222346296,1507361.6605590272
2023-11-06,8240338.822697905,1510829.4699574206
2023-11-07,8554272.767823623,1515129.3938592575
2023-11-08,8956407.069362571,1516239.0237847243
2023-11-09,9911730.001789564,1504414.2330546698
2023-11-10,8198349.632730398,1527890.3538834366
2023-11-13,7905028.812605399,1526433.9106359328
2023-11-14,7834203.872257085,1556047.968826742
2023-11-15,7927302.143758892,1559342.2096531326
2023-11-16,7871285.99705009,1561249.521013348
2023-11-17,7962585.519726508,1563191.373382916
2023-11-20,7782438.617118598,1575224.1657536689
2023-11-21,7913354.063497285,1571791.1132459398
2023-11-22,7882703.784886803,1577859.5368266534
2023-11-24,8114409.991614556,1578830.3550707854
2023-11-27,8242711.63755532,1575986.9823571024
2023-11-28,8059691.916359456,1577547.4803952808
2023-11-29,8011558.480429772,1576437.5266478525
2023-11-30,8056235.631835437,1582644.869850558
2023-12-01,8292007.032209885,1592007.7501389768
2023-12-04,8770103.836658942,1583650.5529260044
2023-12-05,8794422.701864688,1583338.496494628
2023-12-06,9069264.877587091,1576958.016482538
2023-12-07,9249243.301204603,1588990.8088532942
2023-12-08,9447575.5041061,1595822.264918749
2023-12-11,9444088.67602962,1602029.068418186
2023-12-12,9450087.723253326,1609346.0415463587
2023-12-13,9475935.986076778,1631539.071818317
2023-12-14,9473932.206967195,1636775.2729549294
2023-12-15,9474533.68671588,1634080.210700157
2023-12-18,9474912.713947032,1643272.220932932
2023-12-19,9474358.062712803,1653264.6111168102
2023-12-20,9475763.28520483,1630354.9628414297
2023-12-21,9475262.24111191,1645813.7915773906
2023-12-22,9480927.305333316,1649121.417044911
2023-12-26,9480946.442730946,1656084.8845304875
2023-12-27,9480946.442730946,1659079.2662194327
2023-12-28,9480946.442730946,1659705.8617172295
2023-12-29,9480946.442730946,1654901.207316219
2024-01-02,9480946.442730946,1645639.6833021229
2024-01-03,9572370.504271384,1632200.316266117
2024-01-04,9812210.713606687,1626942.7428799665
2024-01-05,10076441.38358948,1629171.0697458538
2024-01-08,10212122.818385985,1652429.042512428
2024-01-09,10428539.684798095,1649922.120817976
2024-01-10,10194513.06939627,1659253.2665540508
2024-01-11,10761474.441044714,1658522.0765623075
2024-01-12,10383067.461538635,1659670.9968859153
2024-01-16,10194904.498507306,1653577.962836036
2024-01-17,10244107.902118262,1644386.384365876
2024-01-18,11961553.629961465,1659009.536556804
2024-01-19,12061241.985021483,1679690.9659069474
2024-01-22,12552673.368431244,1683242.4293123642
2024-01-23,12531585.618413862,1688151.5702666675
2024-01-24,12651037.15385601,1689997.0316320087
2024-01-25,12705936.631586583,1699188.6101021685
2024-01-26,12601638.84702847,1697030.120839564
2024-01-29,9794630.720093036,1710469.4878755661
2024-01-30,9794630.720093036,1709146.5672173442
2024-01-31,9794630.720093036,1681257.940384378
2024-02-01,9794630.720093036,1703262.398333397
2024-02-02,9794630.720093036,1721193.3918731497
2024-02-05,9794630.720093036,1714925.9257260375
2024-02-06,9794630.720093036,1719905.0122242807
2024-02-07,9794630.720093036,1734249.677527298
2024-02-08,9794630.720093036,1735015.6244097021
2024-02-09,9794630.720093036,1745043.0953062023
2024-02-12,9794630.720093036,1744277.1484237981
2024-02-13,9794630.720093036,1720253.1208341662
2024-02-14,9794630.720093036,1735886.1657860526
2024-02-15,9794630.720093036,1747863.3687198793
2024-02-16,9794630.720093036,1739158.9264222549
2024-02-20,9794630.720093036,1729584.266570241
2024-02-21,9794630.720093036,1731150.9172257097
2024-02-22,9794630.720093036,1766977.9315332458
2024-02-23,9794630.720093036,1768196.5815194824
2024-02-26,9794630.720093036,1761720.5740284028
2024-02-27,9794630.720093036,1764993.2267239473
2024-02-28,9794630.720093036,1762660.7371267285
2024-02-29,9794630.720093036,1768997.3932332008
2024-03-01,9794630.720093036,1785605.2502334234
2024-03-04,9794630.720093036,1783690.2750867575
2024-03-05,9794630.720093036,1765863.8760409555
2024-03-06,9794630.720093036,1774811.8324545186
2024-03-07,9794630.720093036,1792429.5822156996
2024-03-08,9921913.226400884,1781670.9213274561
2024-03-11,10195655.85866268,1780138.9196219943
2024-03-12,10119620.531488432,1799288.4552073292
2024-03-13,10459842.526461184,1796468.181793652
2024-03-14,10472984.602400316,1792916.8263288853
2024-03-15,10457548.286182696,1780605.6550108755
2024-03-18,10457548.286182696,1791188.048810765
2024-03-19,10457548.286182696,1801142.1200623896
2024-03-20,10457548.286182696,1817801.1409327155
2024-03-21,10457548.286182696,1823808.685984446
2024-03-22,10457548.286182696,1820350.6991855896
2024-03-25,10457548.286182696,1815321.744105092
2024-03-26,10457548.286182696,1811968.6756221438
2024-03-27,10457548.286182696,1827196.295476747
2024-03-28,10457548.286182696,1826846.999519666
2024-04-01,10457548.286182696,1823668.794896566
2024-04-02,10457548.286182696,1812073.809819363
2024-04-03,10457548.286182696,1814064.235483333
2024-04-04,10457548.286182696,1791921.6134969017
2024-04-05,10457548.286182696,1810641.6532190603
2024-04-08,10457548.286182696,1811654.5683183388
2024-04-09,10457548.286182696,1813749.9122982204
2024-04-10,10457548.286182696,1795588.681342998
2024-04-11,10457548.286182696,1809139.8748967827
2024-04-12,10457548.286182696,1784168.236303682
2024-04-15,10457548.286182696,1761815.8856260846
2024-04-16,10457548.286182696,1758602.6002903627
2024-04-17,10457548.286182696,1748194.854469014
2024-04-18,10457548.286182696,1744597.5162855468
2024-04-19,10457548.286182696,1729370.0043715974
2024-04-22,10618323.670207452,1745296.1081997124
2024-04-23,10624830.28961142,1766006.8974078058
2024-04-24,10619531.744018396,1765168.6302870677
2024-04-25,10623751.364253877,1758462.8171431364
2024-04-26,10570239.594427316,1775122.5935980424
2024-04-29,10939988.512451386,1781408.9493596451
2024-04-30,10939988.512451386,1753189.2685401584
2024-05-01,10939988.512451386,1747496.3704955021
2024-05-02,10939988.512451386,1763841.499943334
2024-05-03,10939988.512451386,1785704.987397928
2024-05-06,10939988.512451386,1804145.3528849843
2024-05-07,10939988.512451386,1806136.2103115728
2024-05-08,10939988.512451386,1806310.9662307673
2024-05-09,10939988.512451386,1816718.712052116
2024-05-10,10939988.512451386,1819059.0813170935
2024-05-13,11151732.684056772,1819303.0271956478
2024-05-14,11256600.565967057,1827650.2938684328
2024-05-15,11160643.137378523,1850282.210840482
2024-05-16,11171568.172536556,1846475.143965849
2024-05-17,11184403.5917703,1849129.6205346312
2024-05-20,11183493.932746338,1851259.9372864813
2024-05-21,11205071.694533303,1855800.1370846329
2024-05-22,11186938.553011036,1850456.6429377147
2024-05-23,11125658.617359672,1836940.5300965556
2024-05-24,11151207.395414954,1849094.6477626595
2024-05-28,11132990.656426698,1850386.6973937748
2024-05-29,11084411.74432712,1837429.2853789013
2024-05-30,11052997.788354654,1825240.6267034379
2024-05-31,10812671.85792715,1841864.9986237567
2024-06-03,10813695.082676006,1843366.6690053807
2024-06-04,10810343.875208862,1845427.687857217
2024-06-05,10792279.385521106,1867360.5811524822
2024-06-06,10806364.094809305,1867325.6083805137
2024-06-07,10812479.918575542,1865055.400540784
2024-06-10,10944463.726690976,1870817.9203074158
2024-06-11,10944584.9302093,1875323.5790962144
2024-06-12,10944584.9302093,1890725.6310480505
2024-06-13,10944584.9302093,1894532.4820413762
2024-06-14,10944584.9302093,1895685.2882285311
2024-06-17,10944584.9302093,1910772.8011139466
2024-06-18,11091585.725466635,1915627.3240972112
2024-06-20,11371703.334912984,1910423.5051568653
2024-06-21,11393069.927451411,1907862.7210759514
2024-06-24,11478141.971408444,1901660.666965302
2024-06-25,12158131.955482988,1908983.792710769
2024-06-26,12261696.551250068,1911366.2588308959
2024-06-27,12686846.510426698,1914379.5301343317
2024-06-28,12976670.165379431,1906846.1359944297
2024-07-01,13494667.640146382,1910770.642300863
2024-07-02,13391380.467694946,1923629.6124390801
2024-07-03,13752125.543952571,1932214.1326698563
2024-07-05,13668479.472660664,1943356.198761922
2024-07-08,13629238.38299636,1945598.5579128587
2024-07-09,13258600.1531038,1947490.7575814833
2024-07-10,13339074.396489568,1966761.402580862
2024-07-11,13955582.213898532,1949803.0622763599
2024-07-12,12858104.262851715,1962101.3886565159
2024-07-15,12825440.646676805,1967497.3419613896
2024-07-16,11930681.495646304,1979165.2949208526
2024-07-17,14623847.617592692,1951414.8321252984
2024-07-18,15350189.327221544,1936418.42115205
2024-07-19,17888015.524071157,1923559.4510138326
2024-07-22,17251364.856910285,1943391.1715338905
2024-07-23,16763248.929248087,1940342.9274584833
2024-07-24,17404415.600990392,1896369.847857647
2024-07-25,12159477.916110145,1886488.9603695897
2024-07-26,12159477.916110145,1907617.0481469291
2024-07-29,12159477.916110145,1908738.3356630513
2024-07-30,12159477.916110145,1899067.93245074
2024-07-31,12159477.916110145,1929936.368984334
2024-08-01,12159477.916110145,1902606.658858961
2024-08-02,12159477.916110145,1867183.3425982401
2024-08-05,12159477.916110145,1812803.9204045613
2024-08-06,12159477.916110145,1829517.2354239642
2024-08-07,12159477.916110145,1817288.854587748
2024-08-08,12159477.916110145,1859299.7889760195
2024-08-09,12159477.916110145,1867498.5293085864
2024-08-12,12159477.916110145,1868479.493974213
2024-08-13,12159477.916110145,1899208.039419927
2024-08-14,12159477.916110145,1905199.60925483
2024-08-15,12159477.916110145,1937855.327141137
2024-08-16,12386863.651950894,1942199.9384738258
2024-08-19,12491721.007302996,1960770.048627267
2024-08-20,12306344.583466388,1957581.4817013612
2024-08-21,12355247.545952346,1964308.9909167956
2024-08-22,12339716.215454675,1948892.0431546737
2024-08-23,12424131.15211736,1969599.8100244503
2024-08-26,12406990.693754276,1964904.6074468282
2024-08-27,12416197.080573104,1967602.4761586098
2024-08-28,12389063.657803696,1956179.9802468612
2024-08-29,12443069.415683627,1956355.0599880205
2024-08-30,12727040.732404493,1975030.5202199847
2024-09-03,12634920.440578282,1934386.546276857
2024-09-04,12435327.473483622,1930427.0671984549
2024-09-05,12781409.287507864,1925731.864620833
2024-09-06,12728899.699487325,1893321.3879009327
2024-09-09,12669129.169796549,1914519.4212222118
2024-09-10,12708520.568959828,1922858.7002865814
2024-09-11,12719094.633309117,1942585.2866094233
2024-09-12,12211382.849800289,1958948.2262652004
2024-09-13,12233605.884639192,1969179.4891168836
2024-09-16,11951079.431910586,1972087.4103417958
2024-09-17,11974604.58585473,1972893.2952662634
2024-09-18,12007672.409025334,1967042.0482818554
2024-09-19,12066230.15327038,2000608.3535272307
2024-09-20,12144104.099083943,1997150.1508470634
2024-09-23,12140548.10060461,2002140.679054654
2024-09-24,12153488.84382132,2007869.5213371695
2024-09-25,12156418.703263007,2003441.1480567965
2024-09-26,12164955.926587334,2011384.0690388433
2024-09-27,12172042.661820011,2008466.864917667
2024-09-30,12217891.71235052,2016515.3518595477
2024-10-01,12213476.89375257,1998450.619849206
2024-10-02,12214220.39600648,1999293.852240039
2024-10-03,12229887.887836996,1995638.7658065595
2024-10-04,12252824.25776302,2013774.091004764
2024-10-07,12252875.290823366,1995568.3885000043
2024-10-08,12252875.290823366,2014441.596010515
2024-10-09,12252875.290823366,2028394.6526199903
2024-10-10,12252875.290823366,2024844.9162650374
2024-10-11,12252875.290823366,2036970.1058358098
2024-10-14,12252875.290823366,2053629.018765482
2024-10-15,12252875.290823366,2037673.0153761446
2024-10-16,12252875.290823366,2046529.761936887
2024-10-17,12252875.290823366,2046705.2734406614
2024-10-18,12252875.290823366,2054578.0329974573
2024-10-21,12252875.290823366,2051204.0240275897
2024-10-22,12252875.290823366,2050114.4710638083
2024-10-23,12252875.290823366,2031381.8022851036
2024-10-24,12252875.290823366,2035775.202793505
2024-10-25,12252875.290823366,2035072.2932531703
2024-10-28,12252875.290823366,2041363.2904629037
2024-10-29,12252875.290823366,2044667.1380075237
2024-10-30,12252875.290823366,2038481.2749950064
2024-10-31,12252875.290823366,1998520.781274454
2024-11-01,12252875.290823366,2006955.6957584708
2024-11-04,12252875.290823366,2002632.672556628
2024-11-05,12252875.290823366,2026848.2948075153
2024-11-06,12252875.290823366,2077246.865673254
2024-11-07,12478700.99808096,2093308.6509037337
2024-11-08,12664296.204597078,2102376.09762153
2024-11-11,12739184.304351166,2104379.4761640076
2024-11-12,13047225.534874791,2097842.3742626305
2024-11-13,12864762.67753221,2098861.5499198567
2024-11-14,12929921.620424926,2085365.51404038
2024-11-15,12521555.984085308,2058654.9515076606
2024-11-18,12503405.49449832,2067089.8659916772
2024-11-19,12492746.47510359,2074646.143550277
2024-11-20,12496306.528035922,2075349.2689719193
2024-11-21,12458200.04380791,2086490.2556574405
2024-11-22,12418527.964123713,2092956.9802522592
2024-11-25,12387945.999369498,2100056.4529621615
2024-11-26,12138926.421293752,2111021.9281439083
2024-11-27,12369745.876527611,2104625.364974337
2024-11-29,12391765.687515669,2117699.3528957767
2024-12-02,12342531.948718512,2121495.1939423704
2024-12-03,12288127.29052456,2122479.3968276246
2024-12-04,12383656.910915496,2135658.7348275916
2024-12-05,12354479.46515939,2132144.4030072256
2024-12-06,12376186.686270928,2136186.132864152
2024-12-09,12352175.683225011,2125185.684910437
2024-12-10,12308593.132118508,2118578.2057025046
2024-12-11,12047932.090015244,2134956.0411685645
2024-12-12,12007492.966693504,2123955.5932148527
2024-12-13,11960286.177366622,2123533.7611381267
2024-12-16,11877691.244167827,2132601.207855923
2024-12-17,11836222.795964696,2123814.838601736
2024-12-18,11874050.795556689,2060517.7913183346
2024-12-19,11673599.981341232,2059885.0432032475
2024-12-20,11657250.340215787,2084626.3364402242
2024-12-23,11644103.54701282,2097109.67310173
2024-12-24,11585034.061002338,2120419.0256197145
2024-12-26,11684643.466565708,2120560.211995447
2024-12-27,11945607.464832656,2098238.0847010333
2024-12-30,12194210.017927485,2074293.8252548752
2024-12-31,12194210.017927485,2066747.478236466
2025-01-02,12194210.017927485,2061669.518098951
2025-01-03,12194210.017927485,2087447.2574978273
2025-01-06,12194210.017927485,2099472.278141479
2025-01-07,12194210.017927485,2075739.7982589193
2025-01-08,12194210.017927485,2078772.2829988068
2025-01-10,12194210.017927485,2047034.708317368
2025-01-13,12194210.017927485,2050208.5953142955
2025-01-14,12194210.017927485,2053029.7322532064
2025-01-15,12194210.017927485,2090374.3921591912
2025-01-16,12194210.017927485,2086354.250433114
2025-01-17,12194210.017927485,2107300.9979113494
2025-01-21,12194210.017927485,2126590.208703254
2025-01-22,12194210.017927485,2138544.6361590396
2025-01-23,12194210.017927485,2150217.1226259824
2025-01-24,12194210.017927485,2143939.941819987
2025-01-27,12194210.017927485,2113613.1514893095
2025-01-28,12194210.017927485,2131774.166563224
2025-01-29,12194210.017927485,2122217.5328004668
2025-01-30,12194210.017927485,2133607.646515945
2025-01-31,12194210.017927485,2122252.721453746
2025-02-03,12194210.017927485,2107970.877611487
2025-02-04,12194210.017927485,2122111.750959321
2025-02-05,12194210.017927485,2130715.916389168
2025-02-06,12194210.017927485,2138121.5087944632
2025-02-07,12194210.017927485,2118550.1411324055
2025-02-10,12194210.017927485,2132937.5509344954
2025-02-11,12194210.017927485,2134559.898967548
2025-02-12,12194210.017927485,2127683.431649277
2025-02-13,12194210.017927485,2150146.529438115
2025-02-14,12194210.017927485,2150040.74759697
2025-02-18,12194210.017927485,2156352.901174933
2025-02-19,12194210.017927485,2161430.861312451
2025-02-20,12194210.017927485,2152438.7571713054
2025-02-21,12194210.017927485,2115623.2223523487
2025-02-24,12194210.017927485,2105996.211283036
2025-02-25,12194210.017927485,2095522.7296032629
2025-02-26,12194210.017927485,2096580.5480147002
2025-02-27,12194210.017927485,2063115.059340375
2025-02-28,12194210.017927485,2095311.1659209756
2025-03-03,12194210.017927485,2058601.412943161
2025-03-04,12194210.017927485,2034234.026132431
2025-03-05,12194210.017927485,2056097.6215276828
2025-03-06,12194210.017927485,2019599.6481134668
2025-03-07,12194210.017927485,2030919.168641079
2025-03-10,12194210.017927485,1976824.4938932555
2025-03-11,12194210.017927485,1960391.3928122306
2025-03-12,12194210.017927485,1970794.2813041378
2025-03-13,12194210.017927485,1944522.6054715097
2025-03-14,12194210.017927485,1984688.1864350976
2025-03-17,12194210.017927485,1999992.8759168189
2025-03-18,12194210.017927485,1978376.0328571338
2025-03-19,12194210.017927485,1999922.2827289558
2025-03-20,12194210.017927485,1994139.0383567093
2025-03-21,12194210.017927485,1994796.8287035776
2025-03-24,12194210.017927485,2030520.6517456698
2025-03-25,12194210.017927485,2035401.7281298724
2025-03-26,12194210.017927485,2011102.5598126147
2025-03-27,12194210.017927485,2005761.656241398
2025-03-28,12194210.017927485,1965368.9681413139
2025-03-31,12194210.017927485,1978562.122545025
2025-04-01,12194210.017927485,1984150.4260957313
2025-04-02,12194210.017927485,1996706.9465208014
2025-04-03,12194210.017927485,1898307.5984823522
2025-04-04,12194210.017927485,1787175.031167863
2025-04-07,12194210.017927485,1783991.7533340137
2025-04-08,12194210.017927485,1756049.4799958963
2025-04-09,12194210.017927485,1940468.570380005
2025-04-10,12194210.017927485,1855439.1835368907
2025-04-11,12194210.017927485,1888545.4457139443
2025-04-14,12194210.017927485,1906867.0764813507
2025-04-15,12194210.017927485,1901526.1729101308
2025-04-16,12194210.017927485,1859258.9874087204
2025-04-17,12194210.017927485,1861911.736927035
2025-04-21,12194210.017927485,1817593.2472326683
2025-04-22,12194210.017927485,1864882.9113753245
2025-04-23,12194210.017927485,1893780.1356814003
2025-04-24,12194210.017927485,1933642.1875252964
2025-04-25,12194210.017927485,1947613.378164685
2025-04-28,12194210.017927485,1948356.009865776
