date,continuous_portfolio_value
2019-11-04,1000000.0
2019-11-05,1000000.0
2019-11-06,1000000.0
2019-11-07,1000000.0
2019-11-08,1000000.0
2019-11-11,1000000.0
2019-11-12,1000000.0
2019-11-13,1000000.0
2019-11-14,1000000.0
2019-11-15,1000000.0
2019-11-18,1000000.0
2019-11-19,1000000.0
2019-11-20,1000000.0
2019-11-21,1000000.0
2019-11-22,1000000.0
2019-11-25,1000000.0
2019-11-26,1000000.0
2019-11-27,1000000.0
2019-11-29,1000000.0
2019-12-02,1000000.0
2019-12-03,1000000.0
2019-12-04,1000000.0
2019-12-05,1000000.0
2019-12-06,1000000.0
2019-12-09,1000000.0
2019-12-10,1000000.0
2019-12-11,1000000.0
2019-12-12,1000000.0
2019-12-13,1000000.0
2019-12-16,1000000.0
2019-12-17,1000000.0
2019-12-18,1000000.0
2019-12-19,1000000.0
2019-12-20,1000000.0
2019-12-23,1000000.0
2019-12-24,1000000.0
2019-12-26,1000000.0
2019-12-27,1000000.0
2019-12-30,1000000.0
2019-12-31,1000000.0
2020-01-02,1000000.0
2020-01-03,980805.9645245511
2020-01-06,972964.0410182693
2020-01-07,943462.2035013268
2020-01-08,908167.9320159556
2020-01-09,877318.9594191565
2020-01-10,872997.0612887933
2020-01-13,856304.6449730891
2020-01-14,843049.8138778605
2020-01-15,835980.6841656844
2020-01-16,832345.5924907621
2020-01-17,834064.1831507243
2020-01-21,838832.1623193411
2020-01-22,840592.4541222035
2020-01-23,837477.4557935637
2020-01-24,842909.1621144327
2020-01-27,844660.7729411988
2020-01-28,895060.8898954422
2020-01-29,759684.9365568659
2020-01-30,759684.9365568659
2020-01-31,759684.9365568659
2020-02-03,759684.9365568659
2020-02-04,759684.9365568659
2020-02-05,759684.9365568659
2020-02-06,759684.9365568659
2020-02-07,759684.9365568659
2020-02-10,759684.9365568659
2020-02-11,759684.9365568659
2020-02-12,759684.9365568659
2020-02-13,759684.9365568659
2020-02-14,759684.9365568659
2020-02-18,759684.9365568659
2020-02-19,759684.9365568659
2020-02-20,759684.9365568659
2020-02-21,759684.9365568659
2020-02-24,759684.9365568659
2020-02-25,759684.9365568659
2020-02-26,771433.3471518992
2020-02-27,778934.8795984382
2020-02-28,797858.1541348554
2020-03-02,825253.2852341043
2020-03-03,829946.1007335982
2020-03-04,833512.3308400384
2020-03-05,899582.9374616977
2020-03-06,910719.8997315826
2020-03-09,918700.2640722952
2020-03-10,949584.4238786468
2020-03-11,958300.9060812528
2020-03-12,940149.5463006805
2020-03-13,1135158.6783150805
2020-03-16,1098941.8710169967
2020-03-17,971907.6470658171
2020-03-18,911581.0741295941
2020-03-19,904036.0923016994
2020-03-20,895443.8783031392
2020-03-23,886680.2308679947
2020-03-24,866395.6704279666
2020-03-25,864474.0104618818
2020-03-26,859047.3366590337
2020-03-27,844480.0016482086
2020-03-30,843035.3228018011
2020-03-31,835403.5104418211
2020-04-01,831594.5761315993
2020-04-02,754549.828057446
2020-04-03,754549.828057446
2020-04-06,754549.828057446
2020-04-07,754549.828057446
2020-04-08,754549.828057446
2020-04-09,754549.828057446
2020-04-13,754549.828057446
2020-04-14,754549.828057446
2020-04-15,754549.828057446
2020-04-16,754549.828057446
2020-04-17,754549.828057446
2020-04-20,754549.828057446
2020-04-21,754549.828057446
2020-04-22,754549.828057446
2020-04-23,754549.828057446
2020-04-24,754549.828057446
2020-04-27,754549.828057446
2020-04-28,754549.828057446
2020-04-29,754549.828057446
2020-04-30,754549.828057446
2020-05-01,754549.828057446
2020-05-04,754549.828057446
2020-05-05,754549.828057446
2020-05-06,754549.828057446
2020-05-07,757546.4036969973
2020-05-08,752158.2075224571
2020-05-11,745046.8033291016
2020-05-12,720409.5426782373
2020-05-13,703481.3025080031
2020-05-14,692358.098603497
2020-05-15,694743.3389648544
2020-05-18,681719.0791092602
2020-05-19,682002.181952232
2020-05-20,681401.4368271385
2020-05-21,682123.2935732513
2020-05-22,681250.047709965
2020-05-26,682488.6993827797
2020-05-27,683162.8700296124
2020-05-28,683261.4357639708
2020-05-29,681987.1760599875
2020-06-01,682203.723943377
2020-06-02,682139.7644087577
2020-06-03,682351.2118588148
2020-06-04,682447.8595221785
2020-06-05,684097.0560119132
2020-06-08,685797.6403959496
2020-06-09,685474.5048399201
2020-06-10,684995.6528782819
2020-06-11,686986.2494738743
2020-06-12,687016.2494738743
2020-06-15,696944.3942126699
2020-06-16,702616.5079965461
2020-06-17,715057.4984557375
2020-06-18,715057.4984557375
2020-06-19,720509.7603749989
2020-06-22,724669.923122328
2020-06-23,690629.0296720386
2020-06-24,687751.6502197928
2020-06-25,679086.5351461354
2020-06-26,674747.0558246326
2020-06-29,667729.7973997807
2020-06-30,668833.6004229843
2020-07-01,669991.8376493237
2020-07-02,661508.5644558938
2020-07-06,660428.042493142
2020-07-07,660957.165603214
2020-07-08,659966.0883469535
2020-07-09,667842.1009222717
2020-07-10,688595.9952764028
2020-07-13,713555.339994344
2020-07-14,722488.5958189653
2020-07-15,740640.0548646441
2020-07-16,769710.2643227744
2020-07-17,776355.0703529826
2020-07-20,787253.1094466167
2020-07-21,781327.3672445206
2020-07-22,841110.78010572
2020-07-23,841110.78010572
2020-07-24,841110.78010572
2020-07-27,841110.78010572
2020-07-28,841110.78010572
2020-07-29,841110.78010572
2020-07-30,841110.78010572
2020-07-31,841110.78010572
2020-08-03,841110.78010572
2020-08-04,841110.78010572
2020-08-05,841110.78010572
2020-08-06,841110.78010572
2020-08-07,841110.78010572
2020-08-10,841110.78010572
2020-08-11,841110.78010572
2020-08-12,841110.78010572
2020-08-13,841110.78010572
2020-08-14,841110.78010572
2020-08-17,841110.78010572
2020-08-18,841110.78010572
2020-08-19,841110.78010572
2020-08-20,841110.78010572
2020-08-21,841110.78010572
2020-08-24,841110.78010572
2020-08-25,841110.78010572
2020-08-26,841110.78010572
2020-08-27,841110.78010572
2020-08-28,856212.8698637176
2020-08-31,880971.3537769486
2020-09-01,880262.8214622635
2020-09-02,890715.5057041191
2020-09-03,932675.9778523451
2020-09-04,977427.0080857335
2020-09-08,1021276.9869098847
2020-09-09,1040309.4982557575
2020-09-10,1104074.7610956705
2020-09-11,1104074.7610956705
2020-09-14,1104074.7610956705
2020-09-15,1104074.7610956705
2020-09-16,1104074.7610956705
2020-09-17,1104074.7610956705
2020-09-18,1104074.7610956705
2020-09-21,1104074.7610956705
2020-09-22,1104074.7610956705
2020-09-23,1104074.7610956705
2020-09-24,1104074.7610956705
2020-09-25,1104074.7610956705
2020-09-28,1104074.7610956705
2020-09-29,1104074.7610956705
2020-09-30,1104074.7610956705
2020-10-01,1104074.7610956705
2020-10-02,1104074.7610956705
2020-10-05,1104074.7610956705
2020-10-06,1104074.7610956705
2020-10-07,1104074.7610956705
2020-10-08,1104074.7610956705
2020-10-09,1104074.7610956705
2020-10-12,1104074.7610956705
2020-10-13,1104074.7610956705
2020-10-14,1104074.7610956705
2020-10-15,1104074.7610956705
2020-10-16,1104074.7610956705
2020-10-19,1104074.7610956705
2020-10-20,1104074.7610956705
2020-10-21,1104074.7610956705
2020-10-22,1104074.7610956705
2020-10-23,1104074.7610956705
2020-10-26,1104074.7610956705
2020-10-27,1104074.7610956705
2020-10-28,1113350.957333377
2020-10-29,1102881.0131421457
2020-10-30,1093374.9825150785
2020-11-02,1064493.5145737368
2020-11-03,1037613.4940927031
2020-11-04,1030980.05421668
2020-11-05,1028080.4039620087
2020-11-06,1017420.5546193405
2020-11-09,1030525.4238857676
2020-11-10,1033217.9024226138
2020-11-11,1043146.3772477541
2020-11-12,1035445.8152446313
2020-11-13,1046195.3920405549
2020-11-16,1057001.5965636407
2020-11-17,1051692.1329704123
2020-11-18,1040435.5408599407
2020-11-19,1043777.6009380957
2020-11-20,1037405.4017858243
2020-11-23,1043934.0497728133
2020-11-24,1060911.1608731286
2020-11-25,1059202.619388187
2020-11-27,1061811.219453408
2020-11-30,1033387.4707398547
2020-12-01,1042168.6128508103
2020-12-02,1016746.2884636867
2020-12-03,997227.45364909
2020-12-04,977689.2378977649
2020-12-07,977673.2378977649
2020-12-08,977673.2378977649
2020-12-09,977673.2378977649
2020-12-10,977673.2378977649
2020-12-11,977673.2378977649
2020-12-14,977673.2378977649
2020-12-15,977673.2378977649
2020-12-16,977673.2378977649
2020-12-17,977673.2378977649
2020-12-18,977673.2378977649
2020-12-21,977673.2378977649
2020-12-22,977673.2378977649
2020-12-23,977673.2378977649
2020-12-24,977673.2378977649
2020-12-28,977673.2378977649
2020-12-29,977673.2378977649
2020-12-30,977673.2378977649
2021-02-01,977673.2378977649
2021-02-02,977673.2378977649
2021-02-03,977673.2378977649
2021-02-04,977673.2378977649
2021-02-05,977673.2378977649
2021-02-08,977673.2378977649
2021-02-09,977673.2378977649
2021-02-10,977673.2378977649
2021-02-11,977673.2378977649
2021-02-12,977673.2378977649
2021-02-16,977673.2378977649
2021-02-17,977673.2378977649
2021-02-18,977673.2378977649
2021-02-19,977673.2378977649
2021-02-22,977673.2378977649
2021-02-23,977673.2378977649
2021-02-24,977673.2378977649
2021-02-25,977673.2378977649
2021-02-26,977673.2378977649
2021-03-01,977673.2378977649
2021-03-02,977673.2378977649
2021-03-03,977673.2378977649
2021-03-04,977673.2378977649
2021-03-05,977673.2378977649
2021-03-08,977673.2378977649
2021-03-09,977673.2378977649
2021-03-10,977673.2378977649
2021-03-11,977673.2378977649
2021-03-12,977673.2378977649
2021-03-15,977673.2378977649
2021-03-16,977673.2378977649
2021-03-17,977673.2378977649
2021-03-18,977673.2378977649
2021-03-19,943381.1683530068
2021-03-22,905464.2920062497
2021-03-23,870680.2928774366
2021-03-24,870680.2928774366
2021-03-25,870680.2928774366
2021-03-26,870680.2928774366
2021-03-29,870680.2928774366
2021-03-30,870680.2928774366
2021-03-31,870680.2928774366
2021-04-01,870680.2928774366
2021-04-05,870680.2928774366
2021-04-06,870680.2928774366
2021-04-07,870680.2928774366
2021-04-08,870680.2928774366
2021-04-09,870680.2928774366
2021-04-12,870680.2928774366
2021-04-13,870680.2928774366
2021-04-14,870680.2928774366
2021-04-15,870680.2928774366
2021-04-16,870680.2928774366
2021-04-19,870680.2928774366
2021-04-20,870680.2928774366
2021-04-21,870680.2928774366
2021-04-22,870680.2928774366
2021-04-23,870680.2928774366
2021-04-26,870680.2928774366
2021-04-27,870680.2928774366
2021-04-28,870680.2928774366
2021-04-29,952912.2768812733
2021-04-30,1039927.0505637437
2021-05-03,1132576.089733189
2021-05-04,1294908.0618399312
2021-05-05,1252491.239101532
2021-05-06,1241004.8966436137
2021-05-07,1277257.560792262
2021-05-10,1235363.3157214755
2021-05-11,1258754.2271893965
2021-05-12,1231314.9433853398
2021-05-13,1255723.1327922912
2021-05-14,1291008.6612380617
2021-05-17,1293958.925917758
2021-05-18,1297476.7959943372
2021-05-19,1308889.059485071
2021-05-20,1340170.7329729793
2021-05-21,1362382.3327582849
2021-05-24,1386713.102556344
2021-05-25,1419327.9920875623
2021-05-26,1442343.5107620151
2021-05-27,1443703.0092297585
2021-05-28,1482849.8650798663
2021-06-01,1512174.4711055805
2021-06-02,1525873.7975059198
2021-06-03,1525899.2170101053
2021-06-04,1525899.2170101053
2021-06-07,1525899.2170101053
2021-06-08,1525899.2170101053
2021-06-09,1525899.2170101053
2021-06-10,1634947.8817739373
2021-06-11,1768292.3573549865
2021-06-14,1965392.3420404745
2021-06-15,1982993.5438966774
2021-06-16,2012246.3795345214
2021-06-17,1988459.4436910714
2021-06-18,1765945.5753944637
2021-06-21,1766405.6928401962
2021-06-22,1751706.640440366
2021-06-23,1677226.2847797174
2021-06-24,1679978.3776208642
2021-06-25,1691108.741098802
2021-06-28,1662483.8372565648
2021-06-29,1651850.4511987981
2021-06-30,1661776.9577550755
2021-07-01,1667888.8625793369
2021-07-02,1639225.5132058368
2021-07-06,1614251.0024464158
2021-07-07,1634041.7578578673
2021-07-08,1702339.3293036958
2021-07-09,1800179.8846229445
2021-07-12,1953328.8105941662
2021-07-13,1978140.0590565752
2021-07-14,1974752.2663164136
2021-07-15,2105055.867819293
2021-07-16,2105055.867819293
2021-07-19,2105055.867819293
2021-07-20,2105055.867819293
2021-07-21,2105055.867819293
2021-07-22,2105055.867819293
2021-07-23,2105055.867819293
2021-07-26,2105055.867819293
2021-07-27,2105055.867819293
2021-07-28,2105055.867819293
2021-07-29,2105055.867819293
2021-07-30,2105055.867819293
2021-08-02,2105055.867819293
2021-08-03,2236553.7797111743
2021-08-04,2217773.672722075
2021-08-05,2262318.5464612213
2021-08-06,2279932.3677154444
2021-08-09,2307877.6556471726
2021-08-10,2321438.210004502
2021-08-11,2351874.169916445
2021-08-12,2359599.4779576054
2021-08-13,2362452.907903437
2021-08-16,2365417.551605362
2021-08-17,2355563.1390914195
2021-08-18,2347334.1064770864
2021-08-19,2242896.019726855
2021-08-20,2242025.5693711606
2021-08-23,2245525.9241230437
2021-08-24,2247108.588194617
2021-08-25,2246805.4098452996
2021-08-26,2247079.334835154
2021-08-27,2248177.975214749
2021-08-30,2247464.2318918835
2021-08-31,2247783.6901854156
2021-09-01,2258151.8708961587
2021-09-02,2258181.2010932956
2021-09-03,2258181.2010932956
2021-09-07,2258181.2010932956
2021-09-08,2258181.2010932956
2021-09-09,2258181.2010932956
2021-09-10,2258181.2010932956
2021-09-13,2258181.2010932956
2021-09-14,2258181.2010932956
2021-09-15,2258181.2010932956
2021-09-16,2258181.2010932956
2021-09-17,2258181.2010932956
2021-09-20,2258181.2010932956
2021-09-21,2232285.968174572
2021-09-22,2130354.4730956177
2021-09-23,2026410.9023493745
2021-09-24,1963396.260156949
2021-09-27,1941897.615775459
2021-09-28,1962613.9351050965
2021-09-29,2159747.3642294854
2021-09-30,2156543.2419392825
2021-10-01,2152771.7669858844
2021-10-04,2153449.196081699
2021-10-05,2190379.1619853633
2021-10-06,2247886.2599074417
2021-10-07,2309203.5158707183
2021-10-08,2337345.726611738
2021-10-11,2341886.6586154974
2021-10-12,2388847.3321932093
2021-10-13,2411011.5685036588
2021-10-14,2397860.7406870215
2021-10-15,2397860.7406870215
2021-10-18,2397860.7406870215
2021-10-19,2397860.7406870215
2021-10-20,2397860.7406870215
2021-10-21,2397860.7406870215
2021-10-22,2397860.7406870215
2021-10-25,2397860.7406870215
2021-10-26,2397860.7406870215
2021-10-27,2397860.7406870215
2021-10-28,2397860.7406870215
2021-10-29,2397860.7406870215
2021-11-01,2397860.7406870215
2021-11-02,2397860.7406870215
2021-11-03,2397860.7406870215
2021-11-04,2397860.7406870215
2021-11-05,2400103.2025763746
2021-11-08,2360301.7762296256
2021-11-09,2276300.4514331156
2021-11-10,2243187.8792340946
2021-11-11,2320308.450442364
2021-11-12,2320308.450442364
2021-11-15,2320308.450442364
2021-11-16,2320308.450442364
2021-11-17,2320308.450442364
2021-11-18,2320308.450442364
2021-11-19,2320308.450442364
2021-11-22,2320308.450442364
2021-11-23,2320308.450442364
2021-11-24,2320308.450442364
2021-11-26,2320308.450442364
2021-11-29,2320308.450442364
2021-11-30,2320308.450442364
2021-12-01,2320308.450442364
2021-12-02,2320308.450442364
2021-12-03,2320308.450442364
2021-12-06,2253413.63828734
2021-12-07,2112574.1344338185
2021-12-08,2189211.4345861143
2021-12-09,2189211.4345861143
2021-12-10,2189211.4345861143
2021-12-13,2189211.4345861143
2021-12-14,2189211.4345861143
2021-12-15,2189211.4345861143
2021-12-16,2189211.4345861143
2021-12-17,2189211.4345861143
2021-12-20,2189211.4345861143
2021-12-21,2189211.4345861143
2021-12-22,2189211.4345861143
2021-12-23,2189211.4345861143
2021-12-27,2189211.4345861143
2021-12-28,2189211.4345861143
2021-12-29,2189211.4345861143
2021-12-30,2189211.4345861143
2022-01-19,2189211.4345861143
2022-01-20,2189211.4345861143
2022-01-21,2189211.4345861143
2022-01-24,2189211.4345861143
2022-01-25,2189211.4345861143
2022-01-26,2189211.4345861143
2022-01-27,2189211.4345861143
2022-01-28,2189211.4345861143
2022-01-31,2189211.4345861143
2022-02-01,2189211.4345861143
2022-02-02,2189211.4345861143
2022-02-03,2189211.4345861143
2022-02-04,2189211.4345861143
2022-02-07,2189211.4345861143
2022-02-08,2189211.4345861143
2022-02-09,2189211.4345861143
2022-02-10,2189211.4345861143
2022-02-11,2189211.4345861143
2022-02-14,2189211.4345861143
2022-02-15,2189211.4345861143
2022-02-16,2189211.4345861143
2022-02-17,2189211.4345861143
2022-02-18,2189211.4345861143
2022-02-22,2189211.4345861143
2022-02-23,2189211.4345861143
2022-02-24,2189211.4345861143
2022-02-25,2189211.4345861143
2022-02-28,2189211.4345861143
2022-03-01,2189211.4345861143
2022-03-02,2189211.4345861143
2022-03-03,2189211.4345861143
2022-03-04,2189211.4345861143
2022-03-07,2189211.4345861143
2022-03-08,2189211.4345861143
2022-03-09,2189211.4345861143
2022-03-10,2189211.4345861143
2022-03-11,2189211.4345861143
2022-03-14,2189211.4345861143
2022-03-15,2189211.4345861143
2022-03-16,2189211.4345861143
2022-03-17,2189211.4345861143
2022-03-18,2189211.4345861143
2022-03-21,2189211.4345861143
2022-03-22,2189211.4345861143
2022-03-23,2189211.4345861143
2022-03-24,2189211.4345861143
2022-03-25,2189211.4345861143
2022-03-28,2189211.4345861143
2022-03-29,2189211.4345861143
2022-03-30,2189211.4345861143
2022-03-31,2189211.4345861143
2022-04-01,2189211.4345861143
2022-04-04,2189211.4345861143
2022-04-05,2189211.4345861143
2022-04-06,2189211.4345861143
2022-04-07,2103890.137629601
2022-04-08,2004727.8901423349
2022-04-11,1909106.6738042845
2022-04-12,1871948.899399804
2022-04-13,1709182.287896761
2022-04-14,1676012.4062930974
2022-04-18,1715327.4999172697
2022-04-19,1659969.6784219595
2022-04-20,1669837.6075148042
2022-04-21,1781039.1136528912
2022-04-22,1813073.1855264392
2022-04-25,1793879.0895802134
2022-04-26,1884797.2804849716
2022-04-27,1964777.6261668357
2022-04-28,1935397.0520432473
2022-04-29,1559479.0240546968
2022-05-02,1559479.0240546968
2022-05-03,1559479.0240546968
2022-05-04,1559479.0240546968
2022-05-05,1559479.0240546968
2022-05-06,1559479.0240546968
2022-05-09,1559479.0240546968
2022-05-10,1559479.0240546968
2022-05-11,1559479.0240546968
2022-05-12,1559479.0240546968
2022-05-13,1596133.5007559306
2022-05-16,1660839.2975653724
2022-05-17,1660839.2975653724
2022-05-18,1660839.2975653724
2022-05-19,1660839.2975653724
2022-05-20,1660839.2975653724
2022-05-23,1660839.2975653724
2022-05-24,1660839.2975653724
2022-05-25,1660839.2975653724
2022-05-26,1660839.2975653724
2022-05-27,1660839.2975653724
2022-05-31,1668842.6213434418
2022-06-01,1637311.315457507
2022-06-02,1632986.826611003
2022-06-03,1600838.832363218
2022-06-06,1600870.1275145041
2022-06-07,1601041.3501667064
2022-06-08,1601182.4876492145
2022-06-09,1612442.2015373362
2022-06-10,1597753.1246329588
2022-06-13,1611477.916343303
2022-06-14,1612858.3220295405
2022-06-15,1607544.5300001884
2022-06-16,1620474.4583454053
2022-06-17,1619807.2116495026
2022-06-21,1609237.9550257132
2022-06-22,1609305.7509399184
2022-06-23,1604775.1340632716
2022-06-24,1592160.8806333684
2022-06-27,1594211.7904615053
2022-06-28,1602236.296070335
2022-06-29,1602157.3007205348
2022-06-30,1605443.4208179666
2022-07-01,1599022.3844111206
2022-07-05,1598905.6465396942
2022-07-06,1600317.806891149
2022-07-07,1593175.463002665
2022-07-08,1567867.0143729912
2022-07-11,1567867.0143729912
2022-07-12,1567867.0143729912
2022-07-13,1567867.0143729912
2022-07-14,1567867.0143729912
2022-07-15,1567867.0143729912
2022-07-18,1567867.0143729912
2022-07-19,1567867.0143729912
2022-07-20,1567867.0143729912
2022-07-21,1567867.0143729912
2022-07-22,1567867.0143729912
2022-07-25,1567867.0143729912
2022-07-26,1567867.0143729912
2022-07-27,1567867.0143729912
2022-07-28,1586434.3061508683
2022-07-29,1574260.2112653356
2022-08-01,1558515.9838396332
2022-08-02,1542332.75972952
2022-08-03,1548151.1546718394
2022-08-04,1493142.833308781
2022-08-05,1492075.9135336543
2022-08-08,1502217.0870186961
2022-08-09,1513245.261047041
2022-08-10,1449075.7082331106
2022-08-11,1429877.4280292387
2022-08-12,1449168.3003027919
2022-08-15,1455433.3290268697
2022-08-16,1462997.0230126802
2022-08-17,1451075.9455502464
2022-08-18,1455973.9558410782
2022-08-19,1440073.7014552937
2022-08-22,1417432.7270576125
2022-08-23,1377530.4249810767
2022-08-24,1382978.7818207017
2022-08-25,1395451.8784358536
2022-08-26,1373284.9866745532
2022-08-29,1376185.8199245653
2022-08-30,1376194.5767703038
2022-08-31,1376194.5767703038
2022-09-01,1376194.5767703038
2022-09-02,1376194.5767703038
2022-09-06,1376194.5767703038
2022-09-07,1376194.5767703038
2022-09-08,1376194.5767703038
2022-09-09,1376194.5767703038
2022-09-12,1376194.5767703038
2022-09-13,1376194.5767703038
2022-09-14,1376194.5767703038
2022-09-15,1376194.5767703038
2022-09-16,1376194.5767703038
2022-09-19,1405083.8198378803
2022-09-20,1434901.8699249553
2022-09-21,1465705.7884603092
2022-09-22,1464657.0255995216
2022-09-23,1486880.0917572374
2022-09-26,1536442.3062224255
2022-09-27,1601806.8880473198
2022-09-28,1646044.4309923013
2022-09-29,1739912.187767111
2022-09-30,1825308.6733366533
2022-10-03,1927624.2050401154
2022-10-04,1976236.2367378667
2022-10-05,2020214.4065904727
2022-10-06,2025248.825082908
2022-10-07,2036342.1566563863
2022-10-10,2031433.945942984
2022-10-11,2064139.4331993537
2022-10-12,2139431.601640262
2022-10-13,2221878.004850879
2022-10-14,2317702.8198865023
2022-10-17,2275583.3899584217
2022-10-18,2259638.19660521
2022-10-19,2266267.4451456433
2022-10-20,2276872.614134131
2022-10-21,2363350.9458872736
2022-10-24,2363350.9458872736
2022-10-25,2363350.9458872736
2022-10-26,2363350.9458872736
2022-10-27,2363350.9458872736
2022-10-28,2363350.9458872736
2022-10-31,2363350.9458872736
2022-11-01,2363350.9458872736
2022-11-02,2363350.9458872736
2022-11-03,2363350.9458872736
2022-11-04,2363350.9458872736
2022-11-07,2363350.9458872736
2022-11-08,2363350.9458872736
2022-11-09,2363350.9458872736
2022-11-10,2363350.9458872736
2022-11-11,2363350.9458872736
2022-11-14,2363350.9458872736
2022-11-15,2363350.9458872736
2022-11-16,2363350.9458872736
2022-11-17,2363350.9458872736
2022-11-18,2363350.9458872736
2022-11-21,2363350.9458872736
2022-11-22,2363350.9458872736
2022-11-23,2363350.9458872736
2022-11-25,2363350.9458872736
2022-11-28,2363350.9458872736
2022-11-29,2363350.9458872736
2022-11-30,2363350.9458872736
2022-12-01,2363350.9458872736
2022-12-02,2363350.9458872736
2022-12-05,2363350.9458872736
2022-12-06,2363350.9458872736
2022-12-07,2363350.9458872736
2022-12-08,2363350.9458872736
2022-12-09,2363350.9458872736
2022-12-12,2558495.7599949646
2022-12-13,2790814.6036579744
2022-12-14,3017798.735492698
2022-12-15,3046825.950301375
2022-12-16,3074303.2712709797
2022-12-19,3105875.2301442865
2022-12-20,3114822.7740812562
2022-12-21,3116169.5679345825
2022-12-22,3128149.985016874
2022-12-23,3115769.7982227034
2022-12-27,3101247.517322263
2022-12-28,3127472.8576437817
2022-12-29,3123903.8198152175
2022-12-30,3189566.2716332134
2023-01-03,3189566.2716332134
2023-01-04,3189566.2716332134
2023-01-05,3189566.2716332134
2023-01-06,3189566.2716332134
2023-01-09,3189566.2716332134
2023-01-10,3189566.2716332134
2023-01-11,3189566.2716332134
2023-01-12,3189566.2716332134
2023-01-13,3189566.2716332134
2023-01-17,3189566.2716332134
2023-01-18,3189566.2716332134
2023-01-19,3189566.2716332134
2023-01-20,3189566.2716332134
2023-01-23,3189566.2716332134
2023-01-24,3189566.2716332134
2023-01-25,3189566.2716332134
2023-01-26,3189566.2716332134
2023-01-27,3189566.2716332134
2023-01-30,3189566.2716332134
2023-01-31,3189566.2716332134
2023-02-01,3189566.2716332134
2023-02-02,3189566.2716332134
2023-02-03,3189566.2716332134
2023-02-06,3189566.2716332134
2023-02-07,3189566.2716332134
2023-02-08,3189566.2716332134
2023-02-09,3189566.2716332134
2023-02-10,3189566.2716332134
2023-02-13,3189566.2716332134
2023-02-14,3189566.2716332134
2023-02-15,3189566.2716332134
2023-02-16,3189566.2716332134
2023-02-17,3189566.2716332134
2023-02-21,3490519.1306361817
2023-02-22,3902438.873230786
2023-02-23,4391311.469747167
2023-02-24,4781469.944007893
2023-02-27,5041923.386136958
2023-02-28,5259552.9965335075
2023-03-01,5219069.204981998
2023-03-02,5311328.661875344
2023-03-03,5352857.322407906
2023-03-06,5599060.764525216
2023-03-07,5836325.663875308
2023-03-08,5719061.966674284
2023-03-09,5863183.28252649
2023-03-10,5964608.926188045
2023-03-13,5988245.59095168
2023-03-14,5921577.213851602
2023-03-15,5983549.617342958
2023-03-16,5905577.596772345
2023-03-17,6023978.397651705
2023-03-20,6084245.856792084
2023-03-21,6043050.786063943
2023-03-22,6125435.455995889
2023-03-23,6162603.417938548
2023-03-24,6187010.513924937
2023-03-27,6231746.619145709
2023-03-28,6242491.812444557
2023-03-29,6157144.623024736
2023-03-30,5993477.600851067
2023-03-31,5998642.4917803835
2023-04-03,6112782.124415443
2023-04-04,6113024.531452087
2023-04-05,6113024.531452087
2023-04-06,6113024.531452087
2023-04-10,6113024.531452087
2023-04-11,6115381.175197217
2023-04-12,5929701.586994306
2023-04-13,6207807.1465761475
2023-04-14,6316327.456786097
2023-04-17,6064327.041354218
2023-04-18,6064327.041354218
2023-04-19,6064327.041354218
2023-04-20,6064327.041354218
2023-04-21,6064327.041354218
2023-04-24,6064327.041354218
2023-04-25,6064327.041354218
2023-04-26,6064327.041354218
2023-04-27,6064327.041354218
2023-04-28,6064327.041354218
2023-05-01,6415394.991116769
2023-05-02,7010162.9502353445
2023-05-03,6684381.26357138
2023-05-04,6809807.459843014
2023-05-05,6706613.607664971
2023-05-08,7337206.7310795365
2023-05-09,7733518.152920416
2023-05-10,7446153.318021346
2023-05-11,7663517.670155927
2023-05-12,7818291.822055302
2023-05-15,7552827.583059214
2023-05-16,7793807.837071965
2023-05-17,7636069.201077034
2023-05-18,6841091.809691725
2023-05-19,6916338.934408825
2023-05-22,6930042.813338702
2023-05-23,6998996.86645694
2023-05-24,6990363.272612824
2023-05-25,6767366.433217553
2023-05-26,6674122.483259971
2023-05-30,6980526.4294154
2023-05-31,7151198.941781258
2023-06-01,7139212.578480152
2023-06-02,7124647.3907910865
2023-06-05,7328693.762492874
2023-06-06,7325753.296696087
2023-06-07,7363581.331550731
2023-06-08,7353578.096902354
2023-06-09,7583810.2371943835
2023-06-12,7584103.677291374
2023-06-13,7584103.677291374
2023-06-14,7584103.677291374
2023-06-15,7584103.677291374
2023-06-16,7584103.677291374
2023-06-20,7584103.677291374
2023-06-21,7584103.677291374
2023-06-22,7584103.677291374
2023-06-23,7584103.677291374
2023-06-26,7584103.677291374
2023-06-27,7584103.677291374
2023-06-28,7584103.677291374
2023-06-29,7584103.677291374
2023-06-30,7584103.677291374
2023-07-03,7584103.677291374
2023-07-05,7584103.677291374
2023-07-06,7584103.677291374
2023-07-07,7584103.677291374
2023-07-10,7584103.677291374
2023-07-11,7547151.906628694
2023-07-12,7567830.486345701
2023-07-13,7329005.33162397
2023-07-14,7375131.725335401
2023-07-17,7078903.300826781
2023-07-18,7216458.231357437
2023-07-19,7112333.117631149
2023-07-20,6973964.431201245
2023-07-21,6896794.671787216
2023-07-24,6577035.929408243
2023-07-25,6356394.930504836
2023-07-26,7004931.721248508
2023-07-27,7011968.325578452
2023-07-28,6356509.710480395
2023-07-31,6134222.940188085
2023-08-01,6155453.086629898
2023-08-02,6773640.553316364
2023-08-03,7815743.517840565
2023-08-04,7087737.269097813
2023-08-07,7087737.269097813
2023-08-08,7087737.269097813
2023-08-09,7087737.269097813
2023-08-10,7087737.269097813
2023-08-11,7087737.269097813
2023-08-14,7087737.269097813
2023-08-15,7087737.269097813
2023-08-16,7087737.269097813
2023-08-17,7087737.269097813
2023-08-18,7087737.269097813
2023-08-21,7087737.269097813
2023-08-22,7087737.269097813
2023-08-23,7087737.269097813
2023-08-24,7087737.269097813
2023-08-25,7087737.269097813
2023-08-28,7087737.269097813
2023-08-29,7087737.269097813
2023-08-30,7087737.269097813
2023-08-31,7087737.269097813
2023-09-01,7087737.269097813
2023-09-05,7219326.645862916
2023-09-06,7102616.803467604
2023-09-07,7303767.761748971
2023-09-08,7220848.850541657
2023-09-11,7339733.508914809
2023-09-12,7153782.537521617
2023-09-13,7200035.387584784
2023-09-14,7198216.500391527
2023-09-15,7030707.187804446
2023-09-18,6889554.14412071
2023-09-19,6904410.589404096
2023-09-20,6898327.657219094
2023-09-21,6885938.924965315
2023-09-22,6905527.685234605
2023-09-25,6915456.593935357
2023-09-26,6903421.845601604
2023-09-27,6903795.58032081
2023-09-28,6910330.911046309
2023-09-29,6918893.7916285945
2023-10-02,6997113.099435824
2023-10-03,7017734.593763207
2023-10-04,7121853.197337613
2023-10-05,7304045.170617899
2023-10-06,7278605.509966969
2023-10-09,7333601.431120975
2023-10-10,7401790.449746186
2023-10-11,7485122.286998457
2023-10-12,7496142.735588003
2023-10-13,7495498.038878454
2023-10-16,7434116.80570766
2023-10-17,7406933.021439945
2023-10-18,7460172.357338418
2023-10-19,7617757.163009291
2023-10-20,7652236.643034882
2023-10-23,7885514.000903682
2023-10-24,7874449.655799537
2023-10-25,7867234.843426203
2023-10-26,7840042.543724909
2023-10-27,7776307.222346296
2023-10-30,7776307.222346296
2023-10-31,7776307.222346296
2023-11-01,7776307.222346296
2023-11-02,7776307.222346296
2023-11-03,7776307.222346296
2023-11-06,8240338.822697905
2023-11-07,8554272.767823623
2023-11-08,8956407.069362571
2023-11-09,9911730.001789564
2023-11-10,8198349.632730398
2023-11-13,7905028.812605399
2023-11-14,7834203.872257085
2023-11-15,7927302.143758892
2023-11-16,7871285.99705009
2023-11-17,7962585.519726508
2023-11-20,7782438.617118598
2023-11-21,7913354.063497285
2023-11-22,7882703.784886803
2023-11-24,8114409.991614556
2023-11-27,8242711.63755532
2023-11-28,8059691.916359456
2023-11-29,8011558.480429772
2023-11-30,8056235.631835437
2023-12-01,8292007.032209885
2023-12-04,8770103.836658942
2023-12-05,8794422.701864688
2023-12-06,9069264.877587091
2023-12-07,9249243.301204605
2023-12-08,9447575.5041061
2023-12-11,9444088.676029619
2023-12-12,9450087.723253326
2023-12-13,9475935.986076778
2023-12-14,9473932.206967197
2023-12-15,9474533.686715879
2023-12-18,9474912.713947032
2023-12-19,9474358.062712803
2023-12-20,9475763.28520483
2023-12-21,9475262.24111191
2023-12-22,9480927.305333316
2023-12-26,9480946.442730946
2023-12-27,9480946.442730946
2023-12-28,9480946.442730946
2023-12-29,9480946.442730946
2024-01-02,9480946.442730946
2024-01-03,9572370.504271384
2024-01-04,9812210.713606687
2024-01-05,10076441.38358948
2024-01-08,10212122.818385983
2024-01-09,10428539.684798097
2024-01-10,10194513.06939627
2024-01-11,10761474.441044714
2024-01-12,10383067.461538637
2024-01-16,10194904.498507306
2024-01-17,10244107.902118262
2024-01-18,11961553.629961465
2024-01-19,12061241.985021485
2024-01-22,12552673.368431244
2024-01-23,12531585.618413862
2024-01-24,12651037.15385601
2024-01-25,12705936.631586583
2024-01-26,12601638.84702847
2024-01-29,9794630.720093036
2024-01-30,9794630.720093036
2024-01-31,9794630.720093036
2024-02-01,9794630.720093036
2024-02-02,9794630.720093036
2024-02-05,9794630.720093036
2024-02-06,9794630.720093036
2024-02-07,9794630.720093036
2024-02-08,9794630.720093036
2024-02-09,9794630.720093036
2024-02-12,9794630.720093036
2024-02-13,9794630.720093036
2024-02-14,9794630.720093036
2024-02-15,9794630.720093036
2024-02-16,9794630.720093036
2024-02-20,9794630.720093036
2024-02-21,9794630.720093036
2024-02-22,9794630.720093036
2024-02-23,9794630.720093036
2024-02-26,9794630.720093036
2024-02-27,9794630.720093036
2024-02-28,9794630.720093036
2024-02-29,9794630.720093036
2024-03-01,9794630.720093036
2024-03-04,9794630.720093036
2024-03-05,9794630.720093036
2024-03-06,9794630.720093036
2024-03-07,9794630.720093036
2024-03-08,9921913.226400884
2024-03-11,10195655.85866268
2024-03-12,10119620.531488432
2024-03-13,10459842.526461184
2024-03-14,10472984.602400316
2024-03-15,10457548.286182696
2024-03-18,10457548.286182696
2024-03-19,10457548.286182696
2024-03-20,10457548.286182696
2024-03-21,10457548.286182696
2024-03-22,10457548.286182696
2024-03-25,10457548.286182696
2024-03-26,10457548.286182696
2024-03-27,10457548.286182696
2024-03-28,10457548.286182696
2024-04-01,10457548.286182696
2024-04-02,10457548.286182696
2024-04-03,10457548.286182696
2024-04-04,10457548.286182696
2024-04-05,10457548.286182696
2024-04-08,10457548.286182696
2024-04-09,10457548.286182696
2024-04-10,10457548.286182696
2024-04-11,10457548.286182696
2024-04-12,10457548.286182696
2024-04-15,10457548.286182696
2024-04-16,10457548.286182696
2024-04-17,10457548.286182696
2024-04-18,10457548.286182696
2024-04-19,10457548.286182696
2024-04-22,10618323.670207452
2024-04-23,10624830.28961142
2024-04-24,10619531.744018396
2024-04-25,10623751.364253875
2024-04-26,10570239.594427316
2024-04-29,10939988.512451386
2024-04-30,10939988.512451386
2024-05-01,10939988.512451386
2024-05-02,10939988.512451386
2024-05-03,10939988.512451386
2024-05-06,10939988.512451386
2024-05-07,10939988.512451386
2024-05-08,10939988.512451386
2024-05-09,10939988.512451386
2024-05-10,10939988.512451386
2024-05-13,11151732.684056772
2024-05-14,11256600.565967057
2024-05-15,11160643.137378525
2024-05-16,11171568.172536556
2024-05-17,11184403.591770299
2024-05-20,11183493.932746338
2024-05-21,11205071.694533305
2024-05-22,11186938.553011037
2024-05-23,11125658.617359672
2024-05-24,11151207.395414954
2024-05-28,11132990.656426698
2024-05-29,11084411.74432712
2024-05-30,11052997.788354654
2024-05-31,10812671.85792715
2024-06-03,10813695.082676006
2024-06-04,10810343.875208862
2024-06-05,10792279.385521106
2024-06-06,10806364.094809303
2024-06-07,10812479.918575542
2024-06-10,10944463.726690976
2024-06-11,10944584.9302093
2024-06-12,10944584.9302093
2024-06-13,10944584.9302093
2024-06-14,10944584.9302093
2024-06-17,10944584.9302093
2024-06-18,11091585.725466637
2024-06-20,11371703.334912984
2024-06-21,11393069.927451411
2024-06-24,11478141.971408444
2024-06-25,12158131.955482988
2024-06-26,12261696.551250067
2024-06-27,12686846.510426698
2024-06-28,12976670.165379431
2024-07-01,13494667.640146382
2024-07-02,13391380.467694946
2024-07-03,13752125.543952573
2024-07-05,13668479.472660664
2024-07-08,13629238.38299636
2024-07-09,13258600.1531038
2024-07-10,13339074.396489568
2024-07-11,13955582.213898532
2024-07-12,12858104.262851715
2024-07-15,12825440.646676805
2024-07-16,11930681.495646304
2024-07-17,14623847.617592692
2024-07-18,15350189.327221544
2024-07-19,17888015.524071157
2024-07-22,17251364.856910285
2024-07-23,16763248.929248087
2024-07-24,17404415.600990392
2024-07-25,12159477.916110145
2024-07-26,12159477.916110145
2024-07-29,12159477.916110145
2024-07-30,12159477.916110145
2024-07-31,12159477.916110145
2024-08-01,12159477.916110145
2024-08-02,12159477.916110145
2024-08-05,12159477.916110145
2024-08-06,12159477.916110145
2024-08-07,12159477.916110145
2024-08-08,12159477.916110145
2024-08-09,12159477.916110145
2024-08-12,12159477.916110145
2024-08-13,12159477.916110145
2024-08-14,12159477.916110145
2024-08-15,12159477.916110145
2024-08-16,12386863.651950894
2024-08-19,12491721.007302996
2024-08-20,12306344.583466388
2024-08-21,12355247.545952346
2024-08-22,12339716.215454677
2024-08-23,12424131.152117359
2024-08-26,12406990.693754276
2024-08-27,12416197.080573104
2024-08-28,12389063.657803696
2024-08-29,12443069.415683629
2024-08-30,12727040.732404493
2024-09-03,12634920.440578282
2024-09-04,12435327.473483622
2024-09-05,12781409.287507864
2024-09-06,12728899.699487325
2024-09-09,12669129.169796549
2024-09-10,12708520.568959828
2024-09-11,12719094.633309117
2024-09-12,12211382.849800287
2024-09-13,12233605.884639192
2024-09-16,11951079.431910586
2024-09-17,11974604.58585473
2024-09-18,12007672.409025334
2024-09-19,12066230.153270379
2024-09-20,12144104.099083943
2024-09-23,12140548.10060461
2024-09-24,12153488.84382132
2024-09-25,12156418.703263007
2024-09-26,12164955.926587334
2024-09-27,12172042.661820013
2024-09-30,12217891.712350521
2024-10-01,12213476.89375257
2024-10-02,12214220.39600648
2024-10-03,12229887.887836996
2024-10-04,12252824.25776302
2024-10-07,12252875.290823366
2024-10-08,12252875.290823366
2024-10-09,12252875.290823366
2024-10-10,12252875.290823366
2024-10-11,12252875.290823366
2024-10-14,12252875.290823366
2024-10-15,12252875.290823366
2024-10-16,12252875.290823366
2024-10-17,12252875.290823366
2024-10-18,12252875.290823366
2024-10-21,12252875.290823366
2024-10-22,12252875.290823366
2024-10-23,12252875.290823366
2024-10-24,12252875.290823366
2024-10-25,12252875.290823366
2024-10-28,12252875.290823366
2024-10-29,12252875.290823366
2024-10-30,12252875.290823366
2024-10-31,12252875.290823366
2024-11-01,12252875.290823366
2024-11-04,12252875.290823366
2024-11-05,12252875.290823366
2024-11-06,12252875.290823366
2024-11-07,12478700.998080961
2024-11-08,12664296.204597078
2024-11-11,12739184.304351166
2024-11-12,13047225.534874791
2024-11-13,12864762.67753221
2024-11-14,12929921.620424926
2024-11-15,12521555.984085307
2024-11-18,12503405.49449832
2024-11-19,12492746.47510359
2024-11-20,12496306.528035922
2024-11-21,12458200.04380791
2024-11-22,12418527.964123711
2024-11-25,12387945.999369498
2024-11-26,12138926.421293752
2024-11-27,12369745.876527611
2024-11-29,12391765.687515667
2024-12-02,12342531.948718512
2024-12-03,12288127.290524561
2024-12-04,12383656.910915496
2024-12-05,12354479.46515939
2024-12-06,12376186.686270928
2024-12-09,12352175.683225011
2024-12-10,12308593.132118508
2024-12-11,12047932.090015244
2024-12-12,12007492.966693504
2024-12-13,11960286.177366622
2024-12-16,11877691.244167829
2024-12-17,11836222.795964697
2024-12-18,11874050.795556689
2024-12-19,11673599.981341232
2024-12-20,11657250.340215787
2024-12-23,11644103.547012819
2024-12-24,11585034.061002338
2024-12-26,11684643.466565708
2024-12-27,11945607.464832656
2024-12-30,12194210.017927485
